{
"type": "FeatureCollection",
"name": "junctions",
"crs": { "type": "name", "properties": { "name": "urn:ogc:def:crs:OGC:1.3:CRS84" } },
"xy_coordinate_resolution": 1e-06,
"features": [
{ "type": "Feature", "properties": { "node_id": "J1", "elevation_m": 44.22, "demand_lps": 0.6422, "pressure_m": 59.619999, "degree": 1, "node_type": "dead_end", "service_area_m2": 38547.9, "cluster": 1, "f1_topology": 1, "f2_elevation": 0, "f3_pressure": 0, "f4_demand": 1, "passed": 0, "selected": 0 }, "geometry": { "type": "Point", "coordinates": [ 72.909774, 19.135461 ] } },
{ "type": "Feature", "properties": { "node_id": "J2", "elevation_m": 45.3, "demand_lps": 0.1099, "pressure_m": 60.34, "degree": 1, "node_type": "dead_end", "service_area_m2": 6593.8, "cluster": 1, "f1_topology": 1, "f2_elevation": 1, "f3_pressure": 0, "f4_demand": 0, "passed": 0, "selected": 0 }, "geometry": { "type": "Point", "coordinates": [ 72.910021, 19.135631 ] } },
{ "type": "Feature", "properties": { "node_id": "J3", "elevation_m": 45.3, "demand_lps": 0.3013, "pressure_m": 60.369999, "degree": 5, "node_type": "junction", "service_area_m2": 18083.5, "cluster": 1, "f1_topology": 1, "f2_elevation": 1, "f3_pressure": 0, "f4_demand": 1, "passed": 0, "selected": 1 }, "geometry": { "type": "Point", "coordinates": [ 72.910243, 19.135588 ] } },
{ "type": "Feature", "properties": { "node_id": "J4", "elevation_m": 37.76, "demand_lps": 0.7372, "pressure_m": 58.720001, "degree": 1, "node_type": "dead_end", "service_area_m2": 44248.0, "cluster": 1, "f1_topology": 1, "f2_elevation": 0, "f3_pressure": 0, "f4_demand": 1, "passed": 0, "selected": 0 }, "geometry": { "type": "Point", "coordinates": [ 72.910276, 19.133162 ] } },
{ "type": "Feature", "properties": { "node_id": "J5", "elevation_m": 46.29, "demand_lps": 0.2696, "pressure_m": 59.3, "degree": 1, "node_type": "dead_end", "service_area_m2": 16181.4, "cluster": 1, "f1_topology": 1, "f2_elevation": 1, "f3_pressure": 0, "f4_demand": 0, "passed": 0, "selected": 0 }, "geometry": { "type": "Point", "coordinates": [ 72.910345, 19.137045 ] } },
{ "type": "Feature", "properties": { "node_id": "J6", "elevation_m": 46.83, "demand_lps": 0.0668, "pressure_m": 58.91, "degree": 4, "node_type": "junction", "service_area_m2": 4007.7, "cluster": 1, "f1_topology": 1, "f2_elevation": 1, "f3_pressure": 0, "f4_demand": 0, "passed": 0, "selected": 0 }, "geometry": { "type": "Point", "coordinates": [ 72.910626, 19.137014 ] } },
{ "type": "Feature", "properties": { "node_id": "J7", "elevation_m": 46.83, "demand_lps": 0.2747, "pressure_m": 58.880001, "degree": 1, "node_type": "dead_end", "service_area_m2": 16485.8, "cluster": 1, "f1_topology": 1, "f2_elevation": 1, "f3_pressure": 0, "f4_demand": 0, "passed": 0, "selected": 0 }, "geometry": { "type": "Point", "coordinates": [ 72.910641, 19.137068 ] } },
{ "type": "Feature", "properties": { "node_id": "J8", "elevation_m": 45.92, "demand_lps": 0.3221, "pressure_m": 60.029999, "degree": 3, "node_type": "junction", "service_area_m2": 19331.5, "cluster": 1, "f1_topology": 1, "f2_elevation": 1, "f3_pressure": 0, "f4_demand": 1, "passed": 0, "selected": 1 }, "geometry": { "type": "Point", "coordinates": [ 72.910751, 19.136195 ] } },
{ "type": "Feature", "properties": { "node_id": "J9", "elevation_m": 43.3, "demand_lps": 0.0048, "pressure_m": 32.419998, "degree": 1, "node_type": "dead_end", "service_area_m2": 288.0, "cluster": 3, "f1_topology": 1, "f2_elevation": 1, "f3_pressure": 0, "f4_demand": 0, "passed": 0, "selected": 0 }, "geometry": { "type": "Point", "coordinates": [ 72.911574, 19.125207 ] } },
{ "type": "Feature", "properties": { "node_id": "J10", "elevation_m": 46.4, "demand_lps": 0.1562, "pressure_m": 23.84, "degree": 1, "node_type": "dead_end", "service_area_m2": 9375.4, "cluster": 3, "f1_topology": 1, "f2_elevation": 1, "f3_pressure": 1, "f4_demand": 1, "passed": 1, "selected": 1 }, "geometry": { "type": "Point", "coordinates": [ 72.911581, 19.124945 ] } },
{ "type": "Feature", "properties": { "node_id": "J11", "elevation_m": 44.73, "demand_lps": 0.1627, "pressure_m": 25.629999, "degree": 3, "node_type": "junction", "service_area_m2": 9767.9, "cluster": 3, "f1_topology": 1, "f2_elevation": 1, "f3_pressure": 1, "f4_demand": 1, "passed": 1, "selected": 1 }, "geometry": { "type": "Point", "coordinates": [ 72.911692, 19.124754 ] } },
{ "type": "Feature", "properties": { "node_id": "J12", "elevation_m": 43.89, "demand_lps": 0.0439, "pressure_m": 26.469999, "degree": 1, "node_type": "dead_end", "service_area_m2": 2637.2, "cluster": 3, "f1_topology": 1, "f2_elevation": 1, "f3_pressure": 1, "f4_demand": 1, "passed": 1, "selected": 1 }, "geometry": { "type": "Point", "coordinates": [ 72.91191, 19.124757 ] } },
{ "type": "Feature", "properties": { "node_id": "J13", "elevation_m": 41.21, "demand_lps": 0.472, "pressure_m": 67.529999, "degree": 1, "node_type": "dead_end", "service_area_m2": 28332.1, "cluster": 1, "f1_topology": 1, "f2_elevation": 0, "f3_pressure": 1, "f4_demand": 1, "passed": 0, "selected": 0 }, "geometry": { "type": "Point", "coordinates": [ 72.911857, 19.133359 ] } },
{ "type": "Feature", "properties": { "node_id": "J14", "elevation_m": 42.22, "demand_lps": 0.0065, "pressure_m": 28.02, "degree": 1, "node_type": "dead_end", "service_area_m2": 392.0, "cluster": 3, "f1_topology": 1, "f2_elevation": 0, "f3_pressure": 0, "f4_demand": 0, "passed": 0, "selected": 0 }, "geometry": { "type": "Point", "coordinates": [ 72.912181, 19.12483 ] } },
{ "type": "Feature", "properties": { "node_id": "J15", "elevation_m": 42.21, "demand_lps": 0.019, "pressure_m": 28.030001, "degree": 1, "node_type": "dead_end", "service_area_m2": 1142.7, "cluster": 3, "f1_topology": 1, "f2_elevation": 0, "f3_pressure": 0, "f4_demand": 0, "passed": 0, "selected": 0 }, "geometry": { "type": "Point", "coordinates": [ 72.912185, 19.124892 ] } },
{ "type": "Feature", "properties": { "node_id": "J16", "elevation_m": 42.33, "demand_lps": 0.0072, "pressure_m": 27.91, "degree": 3, "node_type": "junction", "service_area_m2": 433.4, "cluster": 3, "f1_topology": 1, "f2_elevation": 0, "f3_pressure": 0, "f4_demand": 0, "passed": 0, "selected": 0 }, "geometry": { "type": "Point", "coordinates": [ 72.912312, 19.124834 ] } },
{ "type": "Feature", "properties": { "node_id": "J17", "elevation_m": 42.33, "demand_lps": 0.0031, "pressure_m": 27.92, "degree": 3, "node_type": "junction", "service_area_m2": 186.6, "cluster": 3, "f1_topology": 1, "f2_elevation": 0, "f3_pressure": 0, "f4_demand": 0, "passed": 0, "selected": 0 }, "geometry": { "type": "Point", "coordinates": [ 72.912314, 19.124756 ] } },
{ "type": "Feature", "properties": { "node_id": "J18", "elevation_m": 42.41, "demand_lps": 0.0418, "pressure_m": 27.83, "degree": 1, "node_type": "dead_end", "service_area_m2": 2507.7, "cluster": 3, "f1_topology": 1, "f2_elevation": 0, "f3_pressure": 0, "f4_demand": 1, "passed": 0, "selected": 0 }, "geometry": { "type": "Point", "coordinates": [ 72.912318, 19.124663 ] } },
{ "type": "Feature", "properties": { "node_id": "J19", "elevation_m": 40.42, "demand_lps": 0.0222, "pressure_m": 29.85, "degree": 1, "node_type": "dead_end", "service_area_m2": 1332.6, "cluster": 3, "f1_topology": 1, "f2_elevation": 0, "f3_pressure": 0, "f4_demand": 0, "passed": 0, "selected": 0 }, "geometry": { "type": "Point", "coordinates": [ 72.91238, 19.125263 ] } },
{ "type": "Feature", "properties": { "node_id": "J20", "elevation_m": 41.87, "demand_lps": 0.0866, "pressure_m": 68.230003, "degree": 1, "node_type": "dead_end", "service_area_m2": 5199.4, "cluster": 1, "f1_topology": 1, "f2_elevation": 0, "f3_pressure": 1, "f4_demand": 0, "passed": 0, "selected": 0 }, "geometry": { "type": "Point", "coordinates": [ 72.912282, 19.133345 ] } },
{ "type": "Feature", "properties": { "node_id": "J21", "elevation_m": 42.59, "demand_lps": 0.0044, "pressure_m": 27.690001, "degree": 3, "node_type": "junction", "service_area_m2": 264.1, "cluster": 3, "f1_topology": 1, "f2_elevation": 1, "f3_pressure": 1, "f4_demand": 0, "passed": 0, "selected": 0 }, "geometry": { "type": "Point", "coordinates": [ 72.9125, 19.12476 ] } },
{ "type": "Feature", "properties": { "node_id": "J22", "elevation_m": 42.59, "demand_lps": 0.0066, "pressure_m": 27.690001, "degree": 3, "node_type": "junction", "service_area_m2": 396.1, "cluster": 3, "f1_topology": 1, "f2_elevation": 1, "f3_pressure": 1, "f4_demand": 0, "passed": 0, "selected": 0 }, "geometry": { "type": "Point", "coordinates": [ 72.912501, 19.124754 ] } },
{ "type": "Feature", "properties": { "node_id": "J23", "elevation_m": 42.66, "demand_lps": 0.0688, "pressure_m": 27.74, "degree": 3, "node_type": "junction", "service_area_m2": 4129.4, "cluster": 3, "f1_topology": 1, "f2_elevation": 1, "f3_pressure": 1, "f4_demand": 1, "passed": 1, "selected": 1 }, "geometry": { "type": "Point", "coordinates": [ 72.91261, 19.124523 ] } },
{ "type": "Feature", "properties": { "node_id": "J24", "elevation_m": 42.7, "demand_lps": 0.025, "pressure_m": 27.57, "degree": 1, "node_type": "dead_end", "service_area_m2": 1499.4, "cluster": 3, "f1_topology": 1, "f2_elevation": 1, "f3_pressure": 1, "f4_demand": 0, "passed": 0, "selected": 0 }, "geometry": { "type": "Point", "coordinates": [ 72.912616, 19.124935 ] } },
{ "type": "Feature", "properties": { "node_id": "J25", "elevation_m": 42.35, "demand_lps": 0.15, "pressure_m": 67.779999, "degree": 3, "node_type": "junction", "service_area_m2": 9002.3, "cluster": 1, "f1_topology": 1, "f2_elevation": 0, "f3_pressure": 1, "f4_demand": 0, "passed": 0, "selected": 0 }, "geometry": { "type": "Point", "coordinates": [ 72.912541, 19.133403 ] } },
{ "type": "Feature", "properties": { "node_id": "J26", "elevation_m": 42.35, "demand_lps": 0.1206, "pressure_m": 67.790001, "degree": 3, "node_type": "junction", "service_area_m2": 7239.2, "cluster": 1, "f1_topology": 1, "f2_elevation": 0, "f3_pressure": 1, "f4_demand": 0, "passed": 0, "selected": 0 }, "geometry": { "type": "Point", "coordinates": [ 72.912697, 19.133345 ] } },
{ "type": "Feature", "properties": { "node_id": "J27", "elevation_m": 44.82, "demand_lps": 0.6309, "pressure_m": 62.139999, "degree": 1, "node_type": "dead_end", "service_area_m2": 37864.6, "cluster": 1, "f1_topology": 1, "f2_elevation": 1, "f3_pressure": 0, "f4_demand": 1, "passed": 0, "selected": 1 }, "geometry": { "type": "Point", "coordinates": [ 72.912694, 19.13588 ] } },
{ "type": "Feature", "properties": { "node_id": "J28", "elevation_m": 41.51, "demand_lps": 0.5514, "pressure_m": 65.879997, "degree": 1, "node_type": "dead_end", "service_area_m2": 33092.1, "cluster": 1, "f1_topology": 1, "f2_elevation": 0, "f3_pressure": 0, "f4_demand": 1, "passed": 0, "selected": 0 }, "geometry": { "type": "Point", "coordinates": [ 72.912749, 19.132446 ] } },
{ "type": "Feature", "properties": { "node_id": "J29", "elevation_m": 40.77, "demand_lps": 0.038, "pressure_m": 34.950001, "degree": 4, "node_type": "junction", "service_area_m2": 2278.6, "cluster": 3, "f1_topology": 1, "f2_elevation": 0, "f3_pressure": 0, "f4_demand": 0, "passed": 0, "selected": 0 }, "geometry": { "type": "Point", "coordinates": [ 72.912967, 19.125349 ] } },
{ "type": "Feature", "properties": { "node_id": "J30", "elevation_m": 42.31, "demand_lps": 0.1046, "pressure_m": 33.34, "degree": 3, "node_type": "junction", "service_area_m2": 6275.6, "cluster": 3, "f1_topology": 1, "f2_elevation": 0, "f3_pressure": 0, "f4_demand": 1, "passed": 0, "selected": 0 }, "geometry": { "type": "Point", "coordinates": [ 72.91299, 19.124844 ] } },
{ "type": "Feature", "properties": { "node_id": "J31", "elevation_m": 36.71, "demand_lps": 0.0226, "pressure_m": 39.009998, "degree": 4, "node_type": "junction", "service_area_m2": 1354.2, "cluster": 3, "f1_topology": 1, "f2_elevation": 0, "f3_pressure": 1, "f4_demand": 0, "passed": 0, "selected": 0 }, "geometry": { "type": "Point", "coordinates": [ 72.913265, 19.125565 ] } },
{ "type": "Feature", "properties": { "node_id": "J32", "elevation_m": 44.21, "demand_lps": 0.3816, "pressure_m": 65.199997, "degree": 4, "node_type": "junction", "service_area_m2": 22905.1, "cluster": 1, "f1_topology": 1, "f2_elevation": 0, "f3_pressure": 0, "f4_demand": 1, "passed": 0, "selected": 0 }, "geometry": { "type": "Point", "coordinates": [ 72.9133, 19.135954 ] } },
{ "type": "Feature", "properties": { "node_id": "J33", "elevation_m": 41.56, "demand_lps": 0.0972, "pressure_m": 34.16, "degree": 3, "node_type": "junction", "service_area_m2": 5833.3, "cluster": 3, "f1_topology": 1, "f2_elevation": 0, "f3_pressure": 0, "f4_demand": 1, "passed": 0, "selected": 0 }, "geometry": { "type": "Point", "coordinates": [ 72.913466, 19.125334 ] } },
{ "type": "Feature", "properties": { "node_id": "J34", "elevation_m": 39.63, "demand_lps": 0.0605, "pressure_m": 36.09, "degree": 4, "node_type": "junction", "service_area_m2": 3633.2, "cluster": 3, "f1_topology": 1, "f2_elevation": 0, "f3_pressure": 1, "f4_demand": 1, "passed": 0, "selected": 0 }, "geometry": { "type": "Point", "coordinates": [ 72.913508, 19.125565 ] } },
{ "type": "Feature", "properties": { "node_id": "J35", "elevation_m": 53.3, "demand_lps": 0.3643, "pressure_m": 56.639999, "degree": 1, "node_type": "dead_end", "service_area_m2": 21862.6, "cluster": 2, "f1_topology": 1, "f2_elevation": 0, "f3_pressure": 0, "f4_demand": 1, "passed": 0, "selected": 0 }, "geometry": { "type": "Point", "coordinates": [ 72.913382, 19.138587 ] } },
{ "type": "Feature", "properties": { "node_id": "J36", "elevation_m": 46.31, "demand_lps": 0.0879, "pressure_m": 63.950001, "degree": 1, "node_type": "dead_end", "service_area_m2": 5278.4, "cluster": 1, "f1_topology": 1, "f2_elevation": 1, "f3_pressure": 0, "f4_demand": 0, "passed": 0, "selected": 0 }, "geometry": { "type": "Point", "coordinates": [ 72.913684, 19.13319 ] } },
{ "type": "Feature", "properties": { "node_id": "J37", "elevation_m": 40.37, "demand_lps": 0.0335, "pressure_m": 37.150002, "degree": 1, "node_type": "dead_end", "service_area_m2": 2010.5, "cluster": 5, "f1_topology": 1, "f2_elevation": 0, "f3_pressure": 1, "f4_demand": 0, "passed": 0, "selected": 0 }, "geometry": { "type": "Point", "coordinates": [ 72.913794, 19.128397 ] } },
{ "type": "Feature", "properties": { "node_id": "J38", "elevation_m": 46.79, "demand_lps": 0.0362, "pressure_m": 22.790001, "degree": 1, "node_type": "dead_end", "service_area_m2": 2171.6, "cluster": 1, "f1_topology": 1, "f2_elevation": 1, "f3_pressure": 1, "f4_demand": 0, "passed": 0, "selected": 0 }, "geometry": { "type": "Point", "coordinates": [ 72.913779, 19.133107 ] } },
{ "type": "Feature", "properties": { "node_id": "J39", "elevation_m": 46.95, "demand_lps": 0.0169, "pressure_m": 22.629999, "degree": 1, "node_type": "dead_end", "service_area_m2": 1014.3, "cluster": 1, "f1_topology": 1, "f2_elevation": 1, "f3_pressure": 1, "f4_demand": 0, "passed": 0, "selected": 0 }, "geometry": { "type": "Point", "coordinates": [ 72.913891, 19.133077 ] } },
{ "type": "Feature", "properties": { "node_id": "J40", "elevation_m": 47.79, "demand_lps": 0.413, "pressure_m": 28.709999, "degree": 1, "node_type": "dead_end", "service_area_m2": 24791.1, "cluster": 1, "f1_topology": 1, "f2_elevation": 1, "f3_pressure": 1, "f4_demand": 1, "passed": 1, "selected": 1 }, "geometry": { "type": "Point", "coordinates": [ 72.913903, 19.133884 ] } },
{ "type": "Feature", "properties": { "node_id": "J41", "elevation_m": 46.95, "demand_lps": 0.2841, "pressure_m": 22.629999, "degree": 3, "node_type": "junction", "service_area_m2": 17048.8, "cluster": 1, "f1_topology": 1, "f2_elevation": 1, "f3_pressure": 1, "f4_demand": 0, "passed": 0, "selected": 1 }, "geometry": { "type": "Point", "coordinates": [ 72.913927, 19.133048 ] } },
{ "type": "Feature", "properties": { "node_id": "J42", "elevation_m": 41.32, "demand_lps": 0.0332, "pressure_m": 36.209999, "degree": 4, "node_type": "junction", "service_area_m2": 1994.4, "cluster": 5, "f1_topology": 1, "f2_elevation": 0, "f3_pressure": 1, "f4_demand": 0, "passed": 0, "selected": 0 }, "geometry": { "type": "Point", "coordinates": [ 72.913997, 19.128022 ] } },
{ "type": "Feature", "properties": { "node_id": "J43", "elevation_m": 41.73, "demand_lps": 0.0205, "pressure_m": 35.73, "degree": 1, "node_type": "dead_end", "service_area_m2": 1231.5, "cluster": 3, "f1_topology": 1, "f2_elevation": 0, "f3_pressure": 1, "f4_demand": 0, "passed": 0, "selected": 0 }, "geometry": { "type": "Point", "coordinates": [ 72.914032, 19.126861 ] } },
{ "type": "Feature", "properties": { "node_id": "J44", "elevation_m": 40.74, "demand_lps": 0.0214, "pressure_m": 34.970001, "degree": 1, "node_type": "dead_end", "service_area_m2": 1284.7, "cluster": 3, "f1_topology": 1, "f2_elevation": 0, "f3_pressure": 0, "f4_demand": 0, "passed": 0, "selected": 0 }, "geometry": { "type": "Point", "coordinates": [ 72.914082, 19.126585 ] } },
{ "type": "Feature", "properties": { "node_id": "J45", "elevation_m": 41.3, "demand_lps": 0.0362, "pressure_m": 34.419998, "degree": 3, "node_type": "junction", "service_area_m2": 2170.1, "cluster": 3, "f1_topology": 1, "f2_elevation": 0, "f3_pressure": 0, "f4_demand": 0, "passed": 0, "selected": 0 }, "geometry": { "type": "Point", "coordinates": [ 72.914096, 19.126352 ] } },
{ "type": "Feature", "properties": { "node_id": "J46", "elevation_m": 47.13, "demand_lps": 0.1461, "pressure_m": 23.040001, "degree": 1, "node_type": "dead_end", "service_area_m2": 8767.1, "cluster": 5, "f1_topology": 1, "f2_elevation": 0, "f3_pressure": 1, "f4_demand": 1, "passed": 0, "selected": 0 }, "geometry": { "type": "Point", "coordinates": [ 72.914062, 19.129551 ] } },
{ "type": "Feature", "properties": { "node_id": "J47", "elevation_m": 40.69, "demand_lps": 0.0342, "pressure_m": 36.790001, "degree": 1, "node_type": "dead_end", "service_area_m2": 2052.5, "cluster": 5, "f1_topology": 1, "f2_elevation": 0, "f3_pressure": 1, "f4_demand": 0, "passed": 0, "selected": 0 }, "geometry": { "type": "Point", "coordinates": [ 72.914141, 19.127309 ] } },
{ "type": "Feature", "properties": { "node_id": "J48", "elevation_m": 41.73, "demand_lps": 0.0301, "pressure_m": 35.73, "degree": 3, "node_type": "junction", "service_area_m2": 1806.5, "cluster": 3, "f1_topology": 1, "f2_elevation": 0, "f3_pressure": 1, "f4_demand": 0, "passed": 0, "selected": 0 }, "geometry": { "type": "Point", "coordinates": [ 72.914205, 19.126831 ] } },
{ "type": "Feature", "properties": { "node_id": "J49", "elevation_m": 41.3, "demand_lps": 0.0378, "pressure_m": 34.41, "degree": 1, "node_type": "dead_end", "service_area_m2": 2271.4, "cluster": 3, "f1_topology": 1, "f2_elevation": 0, "f3_pressure": 0, "f4_demand": 0, "passed": 0, "selected": 0 }, "geometry": { "type": "Point", "coordinates": [ 72.91425, 19.126322 ] } },
{ "type": "Feature", "properties": { "node_id": "J50", "elevation_m": 47.66, "demand_lps": 0.3603, "pressure_m": 21.17, "degree": 1, "node_type": "dead_end", "service_area_m2": 21622.7, "cluster": 4, "f1_topology": 1, "f2_elevation": 0, "f3_pressure": 1, "f4_demand": 1, "passed": 0, "selected": 0 }, "geometry": { "type": "Point", "coordinates": [ 72.914221, 19.131104 ] } },
{ "type": "Feature", "properties": { "node_id": "J51", "elevation_m": 47.69, "demand_lps": 0.1341, "pressure_m": 21.9, "degree": 3, "node_type": "junction", "service_area_m2": 8050.9, "cluster": 5, "f1_topology": 1, "f2_elevation": 0, "f3_pressure": 1, "f4_demand": 1, "passed": 0, "selected": 0 }, "geometry": { "type": "Point", "coordinates": [ 72.914247, 19.130327 ] } },
{ "type": "Feature", "properties": { "node_id": "J52", "elevation_m": 40.69, "demand_lps": 0.024, "pressure_m": 36.8, "degree": 4, "node_type": "junction", "service_area_m2": 1442.9, "cluster": 5, "f1_topology": 1, "f2_elevation": 0, "f3_pressure": 1, "f4_demand": 0, "passed": 0, "selected": 0 }, "geometry": { "type": "Point", "coordinates": [ 72.914308, 19.127282 ] } },
{ "type": "Feature", "properties": { "node_id": "J53", "elevation_m": 44.58, "demand_lps": 0.1057, "pressure_m": 32.139999, "degree": 1, "node_type": "dead_end", "service_area_m2": 6345.7, "cluster": 5, "f1_topology": 1, "f2_elevation": 0, "f3_pressure": 1, "f4_demand": 1, "passed": 0, "selected": 0 }, "geometry": { "type": "Point", "coordinates": [ 72.914306, 19.128499 ] } },
{ "type": "Feature", "properties": { "node_id": "J54", "elevation_m": 42.09, "demand_lps": 0.0673, "pressure_m": 36.970001, "degree": 1, "node_type": "dead_end", "service_area_m2": 4037.0, "cluster": 3, "f1_topology": 1, "f2_elevation": 0, "f3_pressure": 1, "f4_demand": 1, "passed": 0, "selected": 0 }, "geometry": { "type": "Point", "coordinates": [ 72.914381, 19.125808 ] } },
{ "type": "Feature", "properties": { "node_id": "J55", "elevation_m": 46.34, "demand_lps": 0.0872, "pressure_m": 23.219999, "degree": 1, "node_type": "dead_end", "service_area_m2": 5234.0, "cluster": 5, "f1_topology": 1, "f2_elevation": 0, "f3_pressure": 1, "f4_demand": 1, "passed": 0, "selected": 0 }, "geometry": { "type": "Point", "coordinates": [ 72.914333, 19.129982 ] } },
{ "type": "Feature", "properties": { "node_id": "J56", "elevation_m": 42.94, "demand_lps": 0.0394, "pressure_m": 34.580002, "degree": 3, "node_type": "junction", "service_area_m2": 2363.3, "cluster": 5, "f1_topology": 1, "f2_elevation": 0, "f3_pressure": 0, "f4_demand": 0, "passed": 0, "selected": 0 }, "geometry": { "type": "Point", "coordinates": [ 72.914385, 19.127787 ] } },
{ "type": "Feature", "properties": { "node_id": "J57", "elevation_m": 54.27, "demand_lps": 0.1002, "pressure_m": 56.790001, "degree": 1, "node_type": "dead_end", "service_area_m2": 6013.2, "cluster": 2, "f1_topology": 1, "f2_elevation": 0, "f3_pressure": 0, "f4_demand": 1, "passed": 0, "selected": 0 }, "geometry": { "type": "Point", "coordinates": [ 72.914253, 19.138519 ] } },
{ "type": "Feature", "properties": { "node_id": "J58", "elevation_m": 57.29, "demand_lps": 0.0332, "pressure_m": 53.66, "degree": 1, "node_type": "dead_end", "service_area_m2": 1993.7, "cluster": 2, "f1_topology": 1, "f2_elevation": 1, "f3_pressure": 0, "f4_demand": 0, "passed": 0, "selected": 0 }, "geometry": { "type": "Point", "coordinates": [ 72.914261, 19.13907 ] } },
{ "type": "Feature", "properties": { "node_id": "J59", "elevation_m": 42.69, "demand_lps": 0.0281, "pressure_m": 34.919998, "degree": 5, "node_type": "junction", "service_area_m2": 1685.3, "cluster": 5, "f1_topology": 1, "f2_elevation": 0, "f3_pressure": 0, "f4_demand": 0, "passed": 0, "selected": 0 }, "geometry": { "type": "Point", "coordinates": [ 72.914411, 19.128126 ] } },
{ "type": "Feature", "properties": { "node_id": "J60", "elevation_m": 57.29, "demand_lps": 0.0017, "pressure_m": 54.369999, "degree": 1, "node_type": "dead_end", "service_area_m2": 104.3, "cluster": 2, "f1_topology": 1, "f2_elevation": 1, "f3_pressure": 0, "f4_demand": 0, "passed": 0, "selected": 0 }, "geometry": { "type": "Point", "coordinates": [ 72.914294, 19.139061 ] } },
{ "type": "Feature", "properties": { "node_id": "J61", "elevation_m": 56.93, "demand_lps": 0.0043, "pressure_m": 54.029999, "degree": 1, "node_type": "dead_end", "service_area_m2": 257.6, "cluster": 2, "f1_topology": 1, "f2_elevation": 1, "f3_pressure": 0, "f4_demand": 0, "passed": 0, "selected": 0 }, "geometry": { "type": "Point", "coordinates": [ 72.914354, 19.139074 ] } },
{ "type": "Feature", "properties": { "node_id": "J62", "elevation_m": 58.34, "demand_lps": 0.1618, "pressure_m": 53.220001, "degree": 1, "node_type": "dead_end", "service_area_m2": 9709.0, "cluster": 2, "f1_topology": 1, "f2_elevation": 1, "f3_pressure": 0, "f4_demand": 1, "passed": 0, "selected": 0 }, "geometry": { "type": "Point", "coordinates": [ 72.914349, 19.139524 ] } },
{ "type": "Feature", "properties": { "node_id": "J63", "elevation_m": 56.77, "demand_lps": 0.0035, "pressure_m": 54.889999, "degree": 1, "node_type": "dead_end", "service_area_m2": 207.7, "cluster": 2, "f1_topology": 1, "f2_elevation": 1, "f3_pressure": 0, "f4_demand": 0, "passed": 0, "selected": 0 }, "geometry": { "type": "Point", "coordinates": [ 72.91438, 19.138996 ] } },
{ "type": "Feature", "properties": { "node_id": "J64", "elevation_m": 56.52, "demand_lps": 0.0108, "pressure_m": 54.43, "degree": 4, "node_type": "junction", "service_area_m2": 650.9, "cluster": 2, "f1_topology": 1, "f2_elevation": 1, "f3_pressure": 0, "f4_demand": 0, "passed": 0, "selected": 0 }, "geometry": { "type": "Point", "coordinates": [ 72.91441, 19.13886 ] } },
{ "type": "Feature", "properties": { "node_id": "J65", "elevation_m": 56.52, "demand_lps": 0.0027, "pressure_m": 54.439999, "degree": 4, "node_type": "junction", "service_area_m2": 164.2, "cluster": 2, "f1_topology": 1, "f2_elevation": 1, "f3_pressure": 0, "f4_demand": 0, "passed": 0, "selected": 0 }, "geometry": { "type": "Point", "coordinates": [ 72.91442, 19.138863 ] } },
{ "type": "Feature", "properties": { "node_id": "J66", "elevation_m": 51.37, "demand_lps": 0.0952, "pressure_m": 58.98, "degree": 3, "node_type": "junction", "service_area_m2": 5714.2, "cluster": 2, "f1_topology": 1, "f2_elevation": 0, "f3_pressure": 1, "f4_demand": 1, "passed": 0, "selected": 0 }, "geometry": { "type": "Point", "coordinates": [ 72.914459, 19.13602 ] } },
{ "type": "Feature", "properties": { "node_id": "J67", "elevation_m": 44.94, "demand_lps": 0.0421, "pressure_m": 32.540001, "degree": 1, "node_type": "dead_end", "service_area_m2": 2529.3, "cluster": 5, "f1_topology": 1, "f2_elevation": 0, "f3_pressure": 0, "f4_demand": 0, "passed": 0, "selected": 0 }, "geometry": { "type": "Point", "coordinates": [ 72.914572, 19.127123 ] } },
{ "type": "Feature", "properties": { "node_id": "J68", "elevation_m": 51.37, "demand_lps": 0.004, "pressure_m": 58.990002, "degree": 4, "node_type": "junction", "service_area_m2": 239.2, "cluster": 2, "f1_topology": 1, "f2_elevation": 0, "f3_pressure": 1, "f4_demand": 0, "passed": 0, "selected": 0 }, "geometry": { "type": "Point", "coordinates": [ 72.914494, 19.136022 ] } },
{ "type": "Feature", "properties": { "node_id": "J69", "elevation_m": 43.95, "demand_lps": 0.0979, "pressure_m": 31.76, "degree": 1, "node_type": "dead_end", "service_area_m2": 5875.7, "cluster": 3, "f1_topology": 1, "f2_elevation": 1, "f3_pressure": 0, "f4_demand": 1, "passed": 0, "selected": 1 }, "geometry": { "type": "Point", "coordinates": [ 72.914635, 19.12511 ] } },
{ "type": "Feature", "properties": { "node_id": "J70", "elevation_m": 51.37, "demand_lps": 0.0146, "pressure_m": 58.990002, "degree": 3, "node_type": "junction", "service_area_m2": 876.0, "cluster": 2, "f1_topology": 1, "f2_elevation": 0, "f3_pressure": 1, "f4_demand": 0, "passed": 0, "selected": 0 }, "geometry": { "type": "Point", "coordinates": [ 72.914501, 19.136044 ] } },
{ "type": "Feature", "properties": { "node_id": "J71", "elevation_m": 57.04, "demand_lps": 0.0459, "pressure_m": 54.619999, "degree": 4, "node_type": "junction", "service_area_m2": 2757.2, "cluster": 2, "f1_topology": 1, "f2_elevation": 1, "f3_pressure": 0, "f4_demand": 0, "passed": 0, "selected": 0 }, "geometry": { "type": "Point", "coordinates": [ 72.914471, 19.1391 ] } },
{ "type": "Feature", "properties": { "node_id": "J72", "elevation_m": 42.25, "demand_lps": 0.0243, "pressure_m": 36.860001, "degree": 1, "node_type": "dead_end", "service_area_m2": 1459.4, "cluster": 3, "f1_topology": 1, "f2_elevation": 0, "f3_pressure": 1, "f4_demand": 0, "passed": 0, "selected": 0 }, "geometry": { "type": "Point", "coordinates": [ 72.914645, 19.12561 ] } },
{ "type": "Feature", "properties": { "node_id": "J73", "elevation_m": 56.77, "demand_lps": 0.0169, "pressure_m": 54.889999, "degree": 4, "node_type": "junction", "service_area_m2": 1016.9, "cluster": 2, "f1_topology": 1, "f2_elevation": 1, "f3_pressure": 0, "f4_demand": 0, "passed": 0, "selected": 0 }, "geometry": { "type": "Point", "coordinates": [ 72.914493, 19.139024 ] } },
{ "type": "Feature", "properties": { "node_id": "J74", "elevation_m": 52.58, "demand_lps": 0.0091, "pressure_m": 58.5, "degree": 6, "node_type": "junction", "service_area_m2": 548.4, "cluster": 2, "f1_topology": 1, "f2_elevation": 0, "f3_pressure": 0, "f4_demand": 0, "passed": 0, "selected": 0 }, "geometry": { "type": "Point", "coordinates": [ 72.914514, 19.138564 ] } },
{ "type": "Feature", "properties": { "node_id": "J75", "elevation_m": 43.95, "demand_lps": 0.0093, "pressure_m": 31.77, "degree": 3, "node_type": "junction", "service_area_m2": 560.8, "cluster": 3, "f1_topology": 1, "f2_elevation": 1, "f3_pressure": 0, "f4_demand": 0, "passed": 0, "selected": 0 }, "geometry": { "type": "Point", "coordinates": [ 72.914699, 19.125196 ] } },
{ "type": "Feature", "properties": { "node_id": "J76", "elevation_m": 56.62, "demand_lps": 0.0335, "pressure_m": 54.330002, "degree": 1, "node_type": "dead_end", "service_area_m2": 2011.5, "cluster": 2, "f1_topology": 1, "f2_elevation": 1, "f3_pressure": 0, "f4_demand": 0, "passed": 0, "selected": 0 }, "geometry": { "type": "Point", "coordinates": [ 72.914529, 19.138896 ] } },
{ "type": "Feature", "properties": { "node_id": "J77", "elevation_m": 52.58, "demand_lps": 0.0396, "pressure_m": 58.5, "degree": 3, "node_type": "junction", "service_area_m2": 2377.1, "cluster": 2, "f1_topology": 1, "f2_elevation": 0, "f3_pressure": 0, "f4_demand": 0, "passed": 0, "selected": 0 }, "geometry": { "type": "Point", "coordinates": [ 72.914569, 19.138378 ] } },
{ "type": "Feature", "properties": { "node_id": "J78", "elevation_m": 52.58, "demand_lps": 0.0055, "pressure_m": 58.5, "degree": 4, "node_type": "junction", "service_area_m2": 331.0, "cluster": 2, "f1_topology": 1, "f2_elevation": 0, "f3_pressure": 0, "f4_demand": 0, "passed": 0, "selected": 0 }, "geometry": { "type": "Point", "coordinates": [ 72.914574, 19.138379 ] } },
{ "type": "Feature", "properties": { "node_id": "J79", "elevation_m": 43.95, "demand_lps": 0.0128, "pressure_m": 31.77, "degree": 3, "node_type": "junction", "service_area_m2": 771.5, "cluster": 3, "f1_topology": 1, "f2_elevation": 1, "f3_pressure": 0, "f4_demand": 0, "passed": 0, "selected": 0 }, "geometry": { "type": "Point", "coordinates": [ 72.914748, 19.125209 ] } },
{ "type": "Feature", "properties": { "node_id": "J80", "elevation_m": 43.95, "demand_lps": 0.0234, "pressure_m": 31.77, "degree": 1, "node_type": "dead_end", "service_area_m2": 1401.2, "cluster": 3, "f1_topology": 1, "f2_elevation": 1, "f3_pressure": 0, "f4_demand": 0, "passed": 0, "selected": 0 }, "geometry": { "type": "Point", "coordinates": [ 72.914759, 19.125146 ] } },
{ "type": "Feature", "properties": { "node_id": "J81", "elevation_m": 43.87, "demand_lps": 0.018, "pressure_m": 35.240002, "degree": 1, "node_type": "dead_end", "service_area_m2": 1077.2, "cluster": 3, "f1_topology": 1, "f2_elevation": 1, "f3_pressure": 0, "f4_demand": 0, "passed": 0, "selected": 0 }, "geometry": { "type": "Point", "coordinates": [ 72.914761, 19.125878 ] } },
{ "type": "Feature", "properties": { "node_id": "J82", "elevation_m": 51.16, "demand_lps": 0.0052, "pressure_m": 59.32, "degree": 5, "node_type": "junction", "service_area_m2": 315.0, "cluster": 2, "f1_topology": 1, "f2_elevation": 0, "f3_pressure": 1, "f4_demand": 0, "passed": 0, "selected": 0 }, "geometry": { "type": "Point", "coordinates": [ 72.914638, 19.136031 ] } },
{ "type": "Feature", "properties": { "node_id": "J83", "elevation_m": 50.41, "demand_lps": 0.2292, "pressure_m": 59.889999, "degree": 1, "node_type": "dead_end", "service_area_m2": 13753.7, "cluster": 2, "f1_topology": 1, "f2_elevation": 0, "f3_pressure": 1, "f4_demand": 1, "passed": 0, "selected": 0 }, "geometry": { "type": "Point", "coordinates": [ 72.914654, 19.1356 ] } },
{ "type": "Feature", "properties": { "node_id": "J84", "elevation_m": 52.58, "demand_lps": 0.0352, "pressure_m": 58.5, "degree": 1, "node_type": "dead_end", "service_area_m2": 2115.0, "cluster": 2, "f1_topology": 1, "f2_elevation": 0, "f3_pressure": 0, "f4_demand": 0, "passed": 0, "selected": 0 }, "geometry": { "type": "Point", "coordinates": [ 72.91462, 19.138582 ] } },
{ "type": "Feature", "properties": { "node_id": "J85", "elevation_m": 46.24, "demand_lps": 0.0248, "pressure_m": 33.009998, "degree": 1, "node_type": "dead_end", "service_area_m2": 1489.5, "cluster": 5, "f1_topology": 1, "f2_elevation": 0, "f3_pressure": 0, "f4_demand": 0, "passed": 0, "selected": 0 }, "geometry": { "type": "Point", "coordinates": [ 72.914766, 19.128045 ] } },
{ "type": "Feature", "properties": { "node_id": "J86", "elevation_m": 51.24, "demand_lps": 0.002, "pressure_m": 59.259998, "degree": 1, "node_type": "dead_end", "service_area_m2": 120.4, "cluster": 2, "f1_topology": 1, "f2_elevation": 0, "f3_pressure": 1, "f4_demand": 0, "passed": 0, "selected": 0 }, "geometry": { "type": "Point", "coordinates": [ 72.914685, 19.136149 ] } },
{ "type": "Feature", "properties": { "node_id": "J87", "elevation_m": 51.22, "demand_lps": 0.0192, "pressure_m": 59.279999, "degree": 4, "node_type": "junction", "service_area_m2": 1152.5, "cluster": 2, "f1_topology": 1, "f2_elevation": 0, "f3_pressure": 1, "f4_demand": 0, "passed": 0, "selected": 0 }, "geometry": { "type": "Point", "coordinates": [ 72.914685, 19.136167 ] } },
{ "type": "Feature", "properties": { "node_id": "J88", "elevation_m": 42.79, "demand_lps": 0.0252, "pressure_m": 36.32, "degree": 3, "node_type": "junction", "service_area_m2": 1511.8, "cluster": 3, "f1_topology": 1, "f2_elevation": 1, "f3_pressure": 1, "f4_demand": 0, "passed": 0, "selected": 0 }, "geometry": { "type": "Point", "coordinates": [ 72.914824, 19.125569 ] } },
{ "type": "Feature", "properties": { "node_id": "J89", "elevation_m": 52.58, "demand_lps": 0.0691, "pressure_m": 58.5, "degree": 1, "node_type": "dead_end", "service_area_m2": 4147.4, "cluster": 2, "f1_topology": 1, "f2_elevation": 0, "f3_pressure": 0, "f4_demand": 1, "passed": 0, "selected": 0 }, "geometry": { "type": "Point", "coordinates": [ 72.914673, 19.138396 ] } },
{ "type": "Feature", "properties": { "node_id": "J90", "elevation_m": 46.24, "demand_lps": 0.0366, "pressure_m": 33.009998, "degree": 4, "node_type": "junction", "service_area_m2": 2199.5, "cluster": 5, "f1_topology": 1, "f2_elevation": 0, "f3_pressure": 0, "f4_demand": 0, "passed": 0, "selected": 0 }, "geometry": { "type": "Point", "coordinates": [ 72.914831, 19.128206 ] } },
{ "type": "Feature", "properties": { "node_id": "J91", "elevation_m": 51.08, "demand_lps": 0.005, "pressure_m": 59.400002, "degree": 4, "node_type": "junction", "service_area_m2": 301.5, "cluster": 2, "f1_topology": 1, "f2_elevation": 0, "f3_pressure": 1, "f4_demand": 0, "passed": 0, "selected": 0 }, "geometry": { "type": "Point", "coordinates": [ 72.91474, 19.135999 ] } },
{ "type": "Feature", "properties": { "node_id": "J92", "elevation_m": 44.84, "demand_lps": 0.0225, "pressure_m": 34.27, "degree": 1, "node_type": "dead_end", "service_area_m2": 1353.0, "cluster": 3, "f1_topology": 1, "f2_elevation": 1, "f3_pressure": 0, "f4_demand": 0, "passed": 0, "selected": 0 }, "geometry": { "type": "Point", "coordinates": [ 72.914876, 19.126121 ] } },
{ "type": "Feature", "properties": { "node_id": "J93", "elevation_m": 44.56, "demand_lps": 0.0259, "pressure_m": 34.580002, "degree": 1, "node_type": "dead_end", "service_area_m2": 1553.2, "cluster": 5, "f1_topology": 1, "f2_elevation": 0, "f3_pressure": 0, "f4_demand": 0, "passed": 0, "selected": 0 }, "geometry": { "type": "Point", "coordinates": [ 72.914865, 19.127603 ] } },
{ "type": "Feature", "properties": { "node_id": "J94", "elevation_m": 52.04, "demand_lps": 0.1558, "pressure_m": 58.759998, "degree": 4, "node_type": "junction", "service_area_m2": 9350.8, "cluster": 2, "f1_topology": 1, "f2_elevation": 0, "f3_pressure": 0, "f4_demand": 1, "passed": 0, "selected": 0 }, "geometry": { "type": "Point", "coordinates": [ 72.914749, 19.136946 ] } },
{ "type": "Feature", "properties": { "node_id": "J95", "elevation_m": 51.15, "demand_lps": 0.0025, "pressure_m": 59.349998, "degree": 3, "node_type": "junction", "service_area_m2": 151.4, "cluster": 2, "f1_topology": 1, "f2_elevation": 0, "f3_pressure": 1, "f4_demand": 0, "passed": 0, "selected": 0 }, "geometry": { "type": "Point", "coordinates": [ 72.914786, 19.136128 ] } },
{ "type": "Feature", "properties": { "node_id": "J96", "elevation_m": 44.51, "demand_lps": 0.0448, "pressure_m": 34.599998, "degree": 1, "node_type": "dead_end", "service_area_m2": 2690.8, "cluster": 5, "f1_topology": 1, "f2_elevation": 0, "f3_pressure": 0, "f4_demand": 1, "passed": 0, "selected": 0 }, "geometry": { "type": "Point", "coordinates": [ 72.91491, 19.126411 ] } },
{ "type": "Feature", "properties": { "node_id": "J97", "elevation_m": 51.15, "demand_lps": 0.0042, "pressure_m": 59.360001, "degree": 5, "node_type": "junction", "service_area_m2": 251.7, "cluster": 2, "f1_topology": 1, "f2_elevation": 0, "f3_pressure": 1, "f4_demand": 0, "passed": 0, "selected": 0 }, "geometry": { "type": "Point", "coordinates": [ 72.914792, 19.136146 ] } },
{ "type": "Feature", "properties": { "node_id": "J98", "elevation_m": 43.33, "demand_lps": 0.0316, "pressure_m": 35.779999, "degree": 3, "node_type": "junction", "service_area_m2": 1894.6, "cluster": 3, "f1_topology": 1, "f2_elevation": 1, "f3_pressure": 1, "f4_demand": 0, "passed": 0, "selected": 0 }, "geometry": { "type": "Point", "coordinates": [ 72.914924, 19.125771 ] } },
{ "type": "Feature", "properties": { "node_id": "J99", "elevation_m": 50.96, "demand_lps": 0.0335, "pressure_m": 59.52, "degree": 1, "node_type": "dead_end", "service_area_m2": 2009.3, "cluster": 2, "f1_topology": 1, "f2_elevation": 0, "f3_pressure": 1, "f4_demand": 0, "passed": 0, "selected": 0 }, "geometry": { "type": "Point", "coordinates": [ 72.914827, 19.135964 ] } },
{ "type": "Feature", "properties": { "node_id": "J100", "elevation_m": 47.71, "demand_lps": 0.119, "pressure_m": 63.360001, "degree": 3, "node_type": "junction", "service_area_m2": 7144.3, "cluster": 2, "f1_topology": 1, "f2_elevation": 0, "f3_pressure": 1, "f4_demand": 1, "passed": 0, "selected": 0 }, "geometry": { "type": "Point", "coordinates": [ 72.914831, 19.13753 ] } },
{ "type": "Feature", "properties": { "node_id": "J101", "elevation_m": 52.04, "demand_lps": 0.0216, "pressure_m": 58.740002, "degree": 4, "node_type": "junction", "service_area_m2": 1298.7, "cluster": 2, "f1_topology": 1, "f2_elevation": 0, "f3_pressure": 0, "f4_demand": 0, "passed": 0, "selected": 0 }, "geometry": { "type": "Point", "coordinates": [ 72.914841, 19.136928 ] } },
{ "type": "Feature", "properties": { "node_id": "J102", "elevation_m": 51.53, "demand_lps": 0.0211, "pressure_m": 58.990002, "degree": 4, "node_type": "junction", "service_area_m2": 1268.3, "cluster": 2, "f1_topology": 1, "f2_elevation": 0, "f3_pressure": 1, "f4_demand": 0, "passed": 0, "selected": 0 }, "geometry": { "type": "Point", "coordinates": [ 72.914862, 19.136339 ] } },
{ "type": "Feature", "properties": { "node_id": "J103", "elevation_m": 45.38, "demand_lps": 0.0203, "pressure_m": 33.75, "degree": 1, "node_type": "dead_end", "service_area_m2": 1218.1, "cluster": 5, "f1_topology": 1, "f2_elevation": 0, "f3_pressure": 0, "f4_demand": 0, "passed": 0, "selected": 0 }, "geometry": { "type": "Point", "coordinates": [ 72.914985, 19.127301 ] } },
{ "type": "Feature", "properties": { "node_id": "J104", "elevation_m": 44.56, "demand_lps": 0.0311, "pressure_m": 34.580002, "degree": 3, "node_type": "junction", "service_area_m2": 1865.6, "cluster": 5, "f1_topology": 1, "f2_elevation": 0, "f3_pressure": 0, "f4_demand": 0, "passed": 0, "selected": 0 }, "geometry": { "type": "Point", "coordinates": [ 72.915007, 19.127663 ] } },
{ "type": "Feature", "properties": { "node_id": "J105", "elevation_m": 47.71, "demand_lps": 0.0079, "pressure_m": 63.419998, "degree": 4, "node_type": "junction", "service_area_m2": 476.5, "cluster": 2, "f1_topology": 1, "f2_elevation": 0, "f3_pressure": 1, "f4_demand": 0, "passed": 0, "selected": 0 }, "geometry": { "type": "Point", "coordinates": [ 72.914925, 19.137523 ] } },
{ "type": "Feature", "properties": { "node_id": "J106", "elevation_m": 47.71, "demand_lps": 0.0005, "pressure_m": 63.400002, "degree": 4, "node_type": "junction", "service_area_m2": 27.8, "cluster": 2, "f1_topology": 1, "f2_elevation": 0, "f3_pressure": 1, "f4_demand": 0, "passed": 0, "selected": 0 }, "geometry": { "type": "Point", "coordinates": [ 72.914929, 19.13751 ] } },
{ "type": "Feature", "properties": { "node_id": "J107", "elevation_m": 47.71, "demand_lps": 0.015, "pressure_m": 63.389999, "degree": 3, "node_type": "junction", "service_area_m2": 898.2, "cluster": 2, "f1_topology": 1, "f2_elevation": 0, "f3_pressure": 1, "f4_demand": 0, "passed": 0, "selected": 0 }, "geometry": { "type": "Point", "coordinates": [ 72.914943, 19.137461 ] } },
{ "type": "Feature", "properties": { "node_id": "J108", "elevation_m": 47.71, "demand_lps": 0.0014, "pressure_m": 63.389999, "degree": 3, "node_type": "junction", "service_area_m2": 82.7, "cluster": 2, "f1_topology": 1, "f2_elevation": 0, "f3_pressure": 1, "f4_demand": 0, "passed": 0, "selected": 0 }, "geometry": { "type": "Point", "coordinates": [ 72.914959, 19.137504 ] } },
{ "type": "Feature", "properties": { "node_id": "J109", "elevation_m": 52.75, "demand_lps": 0.0179, "pressure_m": 57.889999, "degree": 4, "node_type": "junction", "service_area_m2": 1074.9, "cluster": 2, "f1_topology": 1, "f2_elevation": 0, "f3_pressure": 0, "f4_demand": 0, "passed": 0, "selected": 0 }, "geometry": { "type": "Point", "coordinates": [ 72.914975, 19.136645 ] } },
{ "type": "Feature", "properties": { "node_id": "J110", "elevation_m": 47.71, "demand_lps": 0.0465, "pressure_m": 63.389999, "degree": 4, "node_type": "junction", "service_area_m2": 2790.6, "cluster": 2, "f1_topology": 1, "f2_elevation": 0, "f3_pressure": 1, "f4_demand": 0, "passed": 0, "selected": 0 }, "geometry": { "type": "Point", "coordinates": [ 72.914965, 19.137519 ] } },
{ "type": "Feature", "properties": { "node_id": "J111", "elevation_m": 45.38, "demand_lps": 0.0328, "pressure_m": 33.75, "degree": 3, "node_type": "junction", "service_area_m2": 1967.4, "cluster": 5, "f1_topology": 1, "f2_elevation": 0, "f3_pressure": 0, "f4_demand": 0, "passed": 0, "selected": 0 }, "geometry": { "type": "Point", "coordinates": [ 72.91511, 19.12733 ] } },
{ "type": "Feature", "properties": { "node_id": "J112", "elevation_m": 45.96, "demand_lps": 0.0134, "pressure_m": 33.150002, "degree": 5, "node_type": "junction", "service_area_m2": 804.6, "cluster": 5, "f1_topology": 1, "f2_elevation": 0, "f3_pressure": 0, "f4_demand": 0, "passed": 0, "selected": 0 }, "geometry": { "type": "Point", "coordinates": [ 72.915126, 19.126156 ] } },
{ "type": "Feature", "properties": { "node_id": "J113", "elevation_m": 51.69, "demand_lps": 0.0204, "pressure_m": 58.830002, "degree": 1, "node_type": "dead_end", "service_area_m2": 1223.3, "cluster": 2, "f1_topology": 1, "f2_elevation": 0, "f3_pressure": 0, "f4_demand": 0, "passed": 0, "selected": 0 }, "geometry": { "type": "Point", "coordinates": [ 72.915008, 19.136265 ] } },
{ "type": "Feature", "properties": { "node_id": "J114", "elevation_m": 45.74, "demand_lps": 0.0468, "pressure_m": 33.369999, "degree": 1, "node_type": "dead_end", "service_area_m2": 2811.9, "cluster": 5, "f1_topology": 1, "f2_elevation": 0, "f3_pressure": 0, "f4_demand": 1, "passed": 0, "selected": 0 }, "geometry": { "type": "Point", "coordinates": [ 72.91513, 19.12692 ] } },
{ "type": "Feature", "properties": { "node_id": "J115", "elevation_m": 45.96, "demand_lps": 0.0225, "pressure_m": 33.150002, "degree": 4, "node_type": "junction", "service_area_m2": 1352.3, "cluster": 5, "f1_topology": 1, "f2_elevation": 0, "f3_pressure": 0, "f4_demand": 0, "passed": 0, "selected": 0 }, "geometry": { "type": "Point", "coordinates": [ 72.915202, 19.126175 ] } },
{ "type": "Feature", "properties": { "node_id": "J116", "elevation_m": 51.21, "demand_lps": 0.2844, "pressure_m": 40.669998, "degree": 1, "node_type": "dead_end", "service_area_m2": 17068.9, "cluster": 4, "f1_topology": 1, "f2_elevation": 1, "f3_pressure": 0, "f4_demand": 1, "passed": 0, "selected": 0 }, "geometry": { "type": "Point", "coordinates": [ 72.915131, 19.131812 ] } },
{ "type": "Feature", "properties": { "node_id": "J117", "elevation_m": 52.75, "demand_lps": 0.0457, "pressure_m": 57.889999, "degree": 1, "node_type": "dead_end", "service_area_m2": 2740.0, "cluster": 2, "f1_topology": 1, "f2_elevation": 0, "f3_pressure": 0, "f4_demand": 0, "passed": 0, "selected": 0 }, "geometry": { "type": "Point", "coordinates": [ 72.915075, 19.136623 ] } },
{ "type": "Feature", "properties": { "node_id": "J118", "elevation_m": 51.21, "demand_lps": 0.1535, "pressure_m": 41.27, "degree": 1, "node_type": "dead_end", "service_area_m2": 9215.1, "cluster": 4, "f1_topology": 1, "f2_elevation": 1, "f3_pressure": 0, "f4_demand": 1, "passed": 0, "selected": 0 }, "geometry": { "type": "Point", "coordinates": [ 72.915162, 19.131662 ] } },
{ "type": "Feature", "properties": { "node_id": "J119", "elevation_m": 48.31, "demand_lps": 0.0576, "pressure_m": 28.540001, "degree": 5, "node_type": "junction", "service_area_m2": 3460.0, "cluster": 5, "f1_topology": 1, "f2_elevation": 0, "f3_pressure": 1, "f4_demand": 1, "passed": 0, "selected": 0 }, "geometry": { "type": "Point", "coordinates": [ 72.915219, 19.128388 ] } },
{ "type": "Feature", "properties": { "node_id": "J120", "elevation_m": 51.31, "demand_lps": 0.1557, "pressure_m": 18.360001, "degree": 4, "node_type": "junction", "service_area_m2": 9343.0, "cluster": 4, "f1_topology": 1, "f2_elevation": 1, "f3_pressure": 1, "f4_demand": 1, "passed": 1, "selected": 1 }, "geometry": { "type": "Point", "coordinates": [ 72.915229, 19.130703 ] } },
{ "type": "Feature", "properties": { "node_id": "J121", "elevation_m": 48.31, "demand_lps": 0.0241, "pressure_m": 32.84, "degree": 3, "node_type": "junction", "service_area_m2": 1447.1, "cluster": 5, "f1_topology": 1, "f2_elevation": 0, "f3_pressure": 0, "f4_demand": 0, "passed": 0, "selected": 0 }, "geometry": { "type": "Point", "coordinates": [ 72.915269, 19.128282 ] } },
{ "type": "Feature", "properties": { "node_id": "J122", "elevation_m": 51.14, "demand_lps": 0.1651, "pressure_m": 18.530001, "degree": 5, "node_type": "junction", "service_area_m2": 9909.5, "cluster": 4, "f1_topology": 1, "f2_elevation": 1, "f3_pressure": 1, "f4_demand": 1, "passed": 1, "selected": 1 }, "geometry": { "type": "Point", "coordinates": [ 72.915245, 19.130409 ] } },
{ "type": "Feature", "properties": { "node_id": "J123", "elevation_m": 50.56, "demand_lps": 0.3149, "pressure_m": 19.82, "degree": 3, "node_type": "junction", "service_area_m2": 18900.6, "cluster": 5, "f1_topology": 1, "f2_elevation": 1, "f3_pressure": 1, "f4_demand": 1, "passed": 1, "selected": 1 }, "geometry": { "type": "Point", "coordinates": [ 72.915266, 19.129522 ] } },
{ "type": "Feature", "properties": { "node_id": "J124", "elevation_m": 47.42, "demand_lps": 0.0202, "pressure_m": 31.700001, "degree": 1, "node_type": "dead_end", "service_area_m2": 1213.8, "cluster": 5, "f1_topology": 1, "f2_elevation": 0, "f3_pressure": 1, "f4_demand": 0, "passed": 0, "selected": 0 }, "geometry": { "type": "Point", "coordinates": [ 72.915332, 19.126575 ] } },
{ "type": "Feature", "properties": { "node_id": "J125", "elevation_m": 43.97, "demand_lps": 0.0578, "pressure_m": 31.65, "degree": 1, "node_type": "dead_end", "service_area_m2": 3470.3, "cluster": 3, "f1_topology": 1, "f2_elevation": 1, "f3_pressure": 0, "f4_demand": 1, "passed": 0, "selected": 0 }, "geometry": { "type": "Point", "coordinates": [ 72.915353, 19.125048 ] } },
{ "type": "Feature", "properties": { "node_id": "J126", "elevation_m": 48.31, "demand_lps": 0.051, "pressure_m": 28.540001, "degree": 1, "node_type": "dead_end", "service_area_m2": 3058.4, "cluster": 5, "f1_topology": 1, "f2_elevation": 0, "f3_pressure": 1, "f4_demand": 1, "passed": 0, "selected": 0 }, "geometry": { "type": "Point", "coordinates": [ 72.915377, 19.12837 ] } },
{ "type": "Feature", "properties": { "node_id": "J127", "elevation_m": 51.74, "demand_lps": 0.1059, "pressure_m": 58.830002, "degree": 1, "node_type": "dead_end", "service_area_m2": 6358.3, "cluster": 2, "f1_topology": 1, "f2_elevation": 0, "f3_pressure": 0, "f4_demand": 1, "passed": 0, "selected": 0 }, "geometry": { "type": "Point", "coordinates": [ 72.915266, 19.137245 ] } },
{ "type": "Feature", "properties": { "node_id": "J128", "elevation_m": 47.42, "demand_lps": 0.035, "pressure_m": 31.700001, "degree": 4, "node_type": "junction", "service_area_m2": 2097.4, "cluster": 5, "f1_topology": 1, "f2_elevation": 0, "f3_pressure": 1, "f4_demand": 0, "passed": 0, "selected": 0 }, "geometry": { "type": "Point", "coordinates": [ 72.915438, 19.126639 ] } },
{ "type": "Feature", "properties": { "node_id": "J129", "elevation_m": 50.55, "demand_lps": 0.289, "pressure_m": 36.790001, "degree": 3, "node_type": "junction", "service_area_m2": 17347.6, "cluster": 2, "f1_topology": 1, "f2_elevation": 0, "f3_pressure": 1, "f4_demand": 1, "passed": 0, "selected": 0 }, "geometry": { "type": "Point", "coordinates": [ 72.915428, 19.134518 ] } },
{ "type": "Feature", "properties": { "node_id": "J130", "elevation_m": 53.42, "demand_lps": 0.0699, "pressure_m": 57.049999, "degree": 1, "node_type": "dead_end", "service_area_m2": 4192.8, "cluster": 2, "f1_topology": 1, "f2_elevation": 0, "f3_pressure": 0, "f4_demand": 1, "passed": 0, "selected": 0 }, "geometry": { "type": "Point", "coordinates": [ 72.915409, 19.136163 ] } },
{ "type": "Feature", "properties": { "node_id": "J131", "elevation_m": 48.75, "demand_lps": 0.0409, "pressure_m": 30.360001, "degree": 4, "node_type": "junction", "service_area_m2": 2455.9, "cluster": 5, "f1_topology": 1, "f2_elevation": 1, "f3_pressure": 1, "f4_demand": 0, "passed": 0, "selected": 0 }, "geometry": { "type": "Point", "coordinates": [ 72.91559, 19.126312 ] } },
{ "type": "Feature", "properties": { "node_id": "J132", "elevation_m": 48.41, "demand_lps": 0.0372, "pressure_m": 33.689999, "degree": 1, "node_type": "dead_end", "service_area_m2": 2229.5, "cluster": 5, "f1_topology": 1, "f2_elevation": 0, "f3_pressure": 0, "f4_demand": 0, "passed": 0, "selected": 0 }, "geometry": { "type": "Point", "coordinates": [ 72.915598, 19.127794 ] } },
{ "type": "Feature", "properties": { "node_id": "J133", "elevation_m": 48.28, "demand_lps": 0.0382, "pressure_m": 30.83, "degree": 1, "node_type": "dead_end", "service_area_m2": 2289.6, "cluster": 5, "f1_topology": 1, "f2_elevation": 0, "f3_pressure": 1, "f4_demand": 0, "passed": 0, "selected": 0 }, "geometry": { "type": "Point", "coordinates": [ 72.91567, 19.125894 ] } },
{ "type": "Feature", "properties": { "node_id": "J134", "elevation_m": 49.61, "demand_lps": 0.0136, "pressure_m": 32.490002, "degree": 4, "node_type": "junction", "service_area_m2": 818.0, "cluster": 5, "f1_topology": 1, "f2_elevation": 1, "f3_pressure": 1, "f4_demand": 0, "passed": 0, "selected": 0 }, "geometry": { "type": "Point", "coordinates": [ 72.91569, 19.127868 ] } },
{ "type": "Feature", "properties": { "node_id": "J135", "elevation_m": 50.55, "demand_lps": 0.1294, "pressure_m": 36.75, "degree": 1, "node_type": "dead_end", "service_area_m2": 7767.0, "cluster": 2, "f1_topology": 1, "f2_elevation": 0, "f3_pressure": 1, "f4_demand": 1, "passed": 0, "selected": 0 }, "geometry": { "type": "Point", "coordinates": [ 72.915632, 19.134611 ] } },
{ "type": "Feature", "properties": { "node_id": "J136", "elevation_m": 48.28, "demand_lps": 0.0383, "pressure_m": 30.83, "degree": 4, "node_type": "junction", "service_area_m2": 2299.3, "cluster": 5, "f1_topology": 1, "f2_elevation": 0, "f3_pressure": 1, "f4_demand": 0, "passed": 0, "selected": 0 }, "geometry": { "type": "Point", "coordinates": [ 72.915763, 19.125944 ] } },
{ "type": "Feature", "properties": { "node_id": "J137", "elevation_m": 50.82, "demand_lps": 0.0105, "pressure_m": 31.379999, "degree": 4, "node_type": "junction", "service_area_m2": 632.1, "cluster": 5, "f1_topology": 1, "f2_elevation": 1, "f3_pressure": 1, "f4_demand": 0, "passed": 0, "selected": 0 }, "geometry": { "type": "Point", "coordinates": [ 72.915803, 19.127959 ] } },
{ "type": "Feature", "properties": { "node_id": "J138", "elevation_m": 51.72, "demand_lps": 0.0723, "pressure_m": 30.76, "degree": 3, "node_type": "junction", "service_area_m2": 4338.5, "cluster": 5, "f1_topology": 1, "f2_elevation": 1, "f3_pressure": 1, "f4_demand": 1, "passed": 1, "selected": 1 }, "geometry": { "type": "Point", "coordinates": [ 72.915806, 19.128253 ] } },
{ "type": "Feature", "properties": { "node_id": "J139", "elevation_m": 48.64, "demand_lps": 0.0447, "pressure_m": 33.490002, "degree": 1, "node_type": "dead_end", "service_area_m2": 2683.5, "cluster": 5, "f1_topology": 1, "f2_elevation": 1, "f3_pressure": 0, "f4_demand": 1, "passed": 0, "selected": 0 }, "geometry": { "type": "Point", "coordinates": [ 72.915847, 19.127286 ] } },
{ "type": "Feature", "properties": { "node_id": "J140", "elevation_m": 48.02, "demand_lps": 0.0888, "pressure_m": 31.049999, "degree": 1, "node_type": "dead_end", "service_area_m2": 5332.8, "cluster": 5, "f1_topology": 1, "f2_elevation": 0, "f3_pressure": 1, "f4_demand": 1, "passed": 0, "selected": 0 }, "geometry": { "type": "Point", "coordinates": [ 72.915873, 19.125443 ] } },
{ "type": "Feature", "properties": { "node_id": "J141", "elevation_m": 52.02, "demand_lps": 0.0226, "pressure_m": 30.18, "degree": 1, "node_type": "dead_end", "service_area_m2": 1357.2, "cluster": 5, "f1_topology": 1, "f2_elevation": 1, "f3_pressure": 1, "f4_demand": 0, "passed": 0, "selected": 0 }, "geometry": { "type": "Point", "coordinates": [ 72.91588, 19.128013 ] } },
{ "type": "Feature", "properties": { "node_id": "J142", "elevation_m": 53.34, "demand_lps": 0.1142, "pressure_m": 52.07, "degree": 1, "node_type": "dead_end", "service_area_m2": 6853.2, "cluster": 2, "f1_topology": 1, "f2_elevation": 0, "f3_pressure": 0, "f4_demand": 1, "passed": 0, "selected": 0 }, "geometry": { "type": "Point", "coordinates": [ 72.915785, 19.135947 ] } },
{ "type": "Feature", "properties": { "node_id": "J143", "elevation_m": 48.68, "demand_lps": 0.0156, "pressure_m": 33.450001, "degree": 4, "node_type": "junction", "service_area_m2": 934.3, "cluster": 5, "f1_topology": 1, "f2_elevation": 1, "f3_pressure": 0, "f4_demand": 0, "passed": 0, "selected": 0 }, "geometry": { "type": "Point", "coordinates": [ 72.915925, 19.127385 ] } },
{ "type": "Feature", "properties": { "node_id": "J144", "elevation_m": 48.86, "demand_lps": 0.0131, "pressure_m": 33.34, "degree": 4, "node_type": "junction", "service_area_m2": 786.4, "cluster": 5, "f1_topology": 1, "f2_elevation": 1, "f3_pressure": 0, "f4_demand": 0, "passed": 0, "selected": 0 }, "geometry": { "type": "Point", "coordinates": [ 72.916027, 19.127514 ] } },
{ "type": "Feature", "properties": { "node_id": "J145", "elevation_m": 60.0, "demand_lps": 0.0803, "pressure_m": 50.040001, "degree": 1, "node_type": "dead_end", "service_area_m2": 4821.1, "cluster": 2, "f1_topology": 1, "f2_elevation": 1, "f3_pressure": 0, "f4_demand": 1, "passed": 0, "selected": 0 }, "geometry": { "type": "Point", "coordinates": [ 72.915887, 19.138825 ] } },
{ "type": "Feature", "properties": { "node_id": "J146", "elevation_m": 58.24, "demand_lps": 0.1041, "pressure_m": 51.860001, "degree": 6, "node_type": "junction", "service_area_m2": 6249.8, "cluster": 2, "f1_topology": 1, "f2_elevation": 1, "f3_pressure": 0, "f4_demand": 1, "passed": 0, "selected": 0 }, "geometry": { "type": "Point", "coordinates": [ 72.915917, 19.138277 ] } },
{ "type": "Feature", "properties": { "node_id": "J147", "elevation_m": 60.0, "demand_lps": 0.0031, "pressure_m": 49.93, "degree": 4, "node_type": "junction", "service_area_m2": 185.2, "cluster": 2, "f1_topology": 1, "f2_elevation": 1, "f3_pressure": 0, "f4_demand": 0, "passed": 0, "selected": 0 }, "geometry": { "type": "Point", "coordinates": [ 72.915936, 19.138815 ] } },
{ "type": "Feature", "properties": { "node_id": "J148", "elevation_m": 58.24, "demand_lps": 0.0065, "pressure_m": 51.830002, "degree": 4, "node_type": "junction", "service_area_m2": 392.3, "cluster": 2, "f1_topology": 1, "f2_elevation": 1, "f3_pressure": 0, "f4_demand": 0, "passed": 0, "selected": 0 }, "geometry": { "type": "Point", "coordinates": [ 72.915951, 19.138323 ] } },
{ "type": "Feature", "properties": { "node_id": "J149", "elevation_m": 60.0, "demand_lps": 0.379, "pressure_m": 49.860001, "degree": 1, "node_type": "dead_end", "service_area_m2": 22748.6, "cluster": 2, "f1_topology": 1, "f2_elevation": 1, "f3_pressure": 0, "f4_demand": 1, "passed": 0, "selected": 1 }, "geometry": { "type": "Point", "coordinates": [ 72.915949, 19.138884 ] } },
{ "type": "Feature", "properties": { "node_id": "J150", "elevation_m": 58.24, "demand_lps": 0.007, "pressure_m": 51.8, "degree": 4, "node_type": "junction", "service_area_m2": 421.9, "cluster": 2, "f1_topology": 1, "f2_elevation": 1, "f3_pressure": 0, "f4_demand": 0, "passed": 0, "selected": 0 }, "geometry": { "type": "Point", "coordinates": [ 72.915962, 19.138337 ] } },
{ "type": "Feature", "properties": { "node_id": "J151", "elevation_m": 60.0, "demand_lps": 0.0524, "pressure_m": 49.93, "degree": 4, "node_type": "junction", "service_area_m2": 3142.2, "cluster": 2, "f1_topology": 1, "f2_elevation": 1, "f3_pressure": 0, "f4_demand": 0, "passed": 0, "selected": 0 }, "geometry": { "type": "Point", "coordinates": [ 72.915957, 19.138815 ] } },
{ "type": "Feature", "properties": { "node_id": "J152", "elevation_m": 49.25, "demand_lps": 0.0361, "pressure_m": 33.169998, "degree": 1, "node_type": "dead_end", "service_area_m2": 2165.4, "cluster": 5, "f1_topology": 1, "f2_elevation": 1, "f3_pressure": 0, "f4_demand": 0, "passed": 0, "selected": 0 }, "geometry": { "type": "Point", "coordinates": [ 72.916114, 19.126793 ] } },
{ "type": "Feature", "properties": { "node_id": "J153", "elevation_m": 48.92, "demand_lps": 0.0508, "pressure_m": 33.27, "degree": 1, "node_type": "dead_end", "service_area_m2": 3049.8, "cluster": 5, "f1_topology": 1, "f2_elevation": 1, "f3_pressure": 0, "f4_demand": 1, "passed": 0, "selected": 0 }, "geometry": { "type": "Point", "coordinates": [ 72.916127, 19.127553 ] } },
{ "type": "Feature", "properties": { "node_id": "J154", "elevation_m": 58.24, "demand_lps": 0.0834, "pressure_m": 51.75, "degree": 5, "node_type": "junction", "service_area_m2": 5003.6, "cluster": 2, "f1_topology": 1, "f2_elevation": 1, "f3_pressure": 0, "f4_demand": 1, "passed": 0, "selected": 0 }, "geometry": { "type": "Point", "coordinates": [ 72.916001, 19.138389 ] } },
{ "type": "Feature", "properties": { "node_id": "J155", "elevation_m": 49.27, "demand_lps": 0.0131, "pressure_m": 33.16, "degree": 4, "node_type": "junction", "service_area_m2": 788.5, "cluster": 5, "f1_topology": 1, "f2_elevation": 1, "f3_pressure": 0, "f4_demand": 0, "passed": 0, "selected": 0 }, "geometry": { "type": "Point", "coordinates": [ 72.916179, 19.126864 ] } },
{ "type": "Feature", "properties": { "node_id": "J156", "elevation_m": 53.78, "demand_lps": 0.0359, "pressure_m": 51.700001, "degree": 3, "node_type": "junction", "service_area_m2": 2152.6, "cluster": 2, "f1_topology": 1, "f2_elevation": 0, "f3_pressure": 0, "f4_demand": 0, "passed": 0, "selected": 0 }, "geometry": { "type": "Point", "coordinates": [ 72.916143, 19.13606 ] } },
{ "type": "Feature", "properties": { "node_id": "J157", "elevation_m": 49.32, "demand_lps": 0.0157, "pressure_m": 33.110001, "degree": 4, "node_type": "junction", "service_area_m2": 942.9, "cluster": 5, "f1_topology": 1, "f2_elevation": 1, "f3_pressure": 0, "f4_demand": 0, "passed": 0, "selected": 0 }, "geometry": { "type": "Point", "coordinates": [ 72.916292, 19.126986 ] } },
{ "type": "Feature", "properties": { "node_id": "J158", "elevation_m": 55.35, "demand_lps": 0.0355, "pressure_m": 50.139999, "degree": 4, "node_type": "junction", "service_area_m2": 2128.9, "cluster": 2, "f1_topology": 1, "f2_elevation": 1, "f3_pressure": 0, "f4_demand": 0, "passed": 0, "selected": 0 }, "geometry": { "type": "Point", "coordinates": [ 72.916223, 19.136292 ] } },
{ "type": "Feature", "properties": { "node_id": "J159", "elevation_m": 49.36, "demand_lps": 0.0336, "pressure_m": 33.380001, "degree": 1, "node_type": "dead_end", "service_area_m2": 2016.3, "cluster": 5, "f1_topology": 1, "f2_elevation": 1, "f3_pressure": 0, "f4_demand": 0, "passed": 0, "selected": 0 }, "geometry": { "type": "Point", "coordinates": [ 72.916368, 19.12629 ] } },
{ "type": "Feature", "properties": { "node_id": "J160", "elevation_m": 49.36, "demand_lps": 0.0177, "pressure_m": 33.57, "degree": 1, "node_type": "dead_end", "service_area_m2": 1061.6, "cluster": 5, "f1_topology": 1, "f2_elevation": 1, "f3_pressure": 0, "f4_demand": 0, "passed": 0, "selected": 0 }, "geometry": { "type": "Point", "coordinates": [ 72.916373, 19.126467 ] } },
{ "type": "Feature", "properties": { "node_id": "J161", "elevation_m": 57.52, "demand_lps": 0.0653, "pressure_m": 47.98, "degree": 1, "node_type": "dead_end", "service_area_m2": 3920.3, "cluster": 2, "f1_topology": 1, "f2_elevation": 1, "f3_pressure": 1, "f4_demand": 1, "passed": 1, "selected": 1 }, "geometry": { "type": "Point", "coordinates": [ 72.916254, 19.136836 ] } },
{ "type": "Feature", "properties": { "node_id": "J162", "elevation_m": 51.71, "demand_lps": 0.0402, "pressure_m": 33.060001, "degree": 3, "node_type": "junction", "service_area_m2": 2415.0, "cluster": 5, "f1_topology": 1, "f2_elevation": 1, "f3_pressure": 0, "f4_demand": 0, "passed": 0, "selected": 0 }, "geometry": { "type": "Point", "coordinates": [ 72.916393, 19.128248 ] } },
{ "type": "Feature", "properties": { "node_id": "J163", "elevation_m": 49.32, "demand_lps": 0.0417, "pressure_m": 33.110001, "degree": 1, "node_type": "dead_end", "service_area_m2": 2502.3, "cluster": 5, "f1_topology": 1, "f2_elevation": 1, "f3_pressure": 0, "f4_demand": 0, "passed": 0, "selected": 0 }, "geometry": { "type": "Point", "coordinates": [ 72.916415, 19.127028 ] } },
{ "type": "Feature", "properties": { "node_id": "J164", "elevation_m": 49.36, "demand_lps": 0.0088, "pressure_m": 33.380001, "degree": 4, "node_type": "junction", "service_area_m2": 531.3, "cluster": 5, "f1_topology": 1, "f2_elevation": 1, "f3_pressure": 0, "f4_demand": 0, "passed": 0, "selected": 0 }, "geometry": { "type": "Point", "coordinates": [ 72.916432, 19.126345 ] } },
{ "type": "Feature", "properties": { "node_id": "J165", "elevation_m": 51.4, "demand_lps": 0.1872, "pressure_m": 35.669998, "degree": 1, "node_type": "dead_end", "service_area_m2": 11236.1, "cluster": 2, "f1_topology": 1, "f2_elevation": 0, "f3_pressure": 1, "f4_demand": 1, "passed": 0, "selected": 0 }, "geometry": { "type": "Point", "coordinates": [ 72.916376, 19.134537 ] } },
{ "type": "Feature", "properties": { "node_id": "J166", "elevation_m": 57.52, "demand_lps": 0.0112, "pressure_m": 47.990002, "degree": 3, "node_type": "junction", "service_area_m2": 675.0, "cluster": 2, "f1_topology": 1, "f2_elevation": 1, "f3_pressure": 1, "f4_demand": 0, "passed": 0, "selected": 0 }, "geometry": { "type": "Point", "coordinates": [ 72.916366, 19.136837 ] } },
{ "type": "Feature", "properties": { "node_id": "J167", "elevation_m": 57.52, "demand_lps": 0.0471, "pressure_m": 47.990002, "degree": 1, "node_type": "dead_end", "service_area_m2": 2829.4, "cluster": 2, "f1_topology": 1, "f2_elevation": 1, "f3_pressure": 1, "f4_demand": 0, "passed": 0, "selected": 0 }, "geometry": { "type": "Point", "coordinates": [ 72.916365, 19.136904 ] } },
{ "type": "Feature", "properties": { "node_id": "J168", "elevation_m": 56.72, "demand_lps": 0.0617, "pressure_m": 48.75, "degree": 1, "node_type": "dead_end", "service_area_m2": 3701.6, "cluster": 2, "f1_topology": 1, "f2_elevation": 1, "f3_pressure": 1, "f4_demand": 0, "passed": 0, "selected": 0 }, "geometry": { "type": "Point", "coordinates": [ 72.916398, 19.136048 ] } },
{ "type": "Feature", "properties": { "node_id": "J169", "elevation_m": 49.47, "demand_lps": 0.0141, "pressure_m": 33.459999, "degree": 4, "node_type": "junction", "service_area_m2": 844.7, "cluster": 5, "f1_topology": 1, "f2_elevation": 1, "f3_pressure": 0, "f4_demand": 0, "passed": 0, "selected": 0 }, "geometry": { "type": "Point", "coordinates": [ 72.916523, 19.126527 ] } },
{ "type": "Feature", "properties": { "node_id": "J170", "elevation_m": 58.29, "demand_lps": 0.1601, "pressure_m": 51.470001, "degree": 1, "node_type": "dead_end", "service_area_m2": 9609.8, "cluster": 2, "f1_topology": 1, "f2_elevation": 1, "f3_pressure": 0, "f4_demand": 1, "passed": 0, "selected": 0 }, "geometry": { "type": "Point", "coordinates": [ 72.916417, 19.137554 ] } },
{ "type": "Feature", "properties": { "node_id": "J171", "elevation_m": 51.66, "demand_lps": 0.1671, "pressure_m": 33.060001, "degree": 1, "node_type": "dead_end", "service_area_m2": 10027.9, "cluster": 5, "f1_topology": 1, "f2_elevation": 1, "f3_pressure": 0, "f4_demand": 1, "passed": 0, "selected": 0 }, "geometry": { "type": "Point", "coordinates": [ 72.916532, 19.128371 ] } },
{ "type": "Feature", "properties": { "node_id": "J172", "elevation_m": 49.47, "demand_lps": 0.0051, "pressure_m": 33.439999, "degree": 4, "node_type": "junction", "service_area_m2": 304.4, "cluster": 5, "f1_topology": 1, "f2_elevation": 1, "f3_pressure": 0, "f4_demand": 0, "passed": 0, "selected": 0 }, "geometry": { "type": "Point", "coordinates": [ 72.91656, 19.126454 ] } },
{ "type": "Feature", "properties": { "node_id": "J173", "elevation_m": 56.25, "demand_lps": 0.0148, "pressure_m": 49.27, "degree": 3, "node_type": "junction", "service_area_m2": 887.9, "cluster": 2, "f1_topology": 1, "f2_elevation": 1, "f3_pressure": 1, "f4_demand": 0, "passed": 0, "selected": 0 }, "geometry": { "type": "Point", "coordinates": [ 72.916447, 19.136361 ] } },
{ "type": "Feature", "properties": { "node_id": "J174", "elevation_m": 56.72, "demand_lps": 0.0115, "pressure_m": 48.790001, "degree": 3, "node_type": "junction", "service_area_m2": 690.5, "cluster": 2, "f1_topology": 1, "f2_elevation": 1, "f3_pressure": 1, "f4_demand": 0, "passed": 0, "selected": 0 }, "geometry": { "type": "Point", "coordinates": [ 72.916445, 19.13655 ] } },
{ "type": "Feature", "properties": { "node_id": "J175", "elevation_m": 49.66, "demand_lps": 0.0676, "pressure_m": 33.009998, "degree": 1, "node_type": "dead_end", "service_area_m2": 4060.6, "cluster": 5, "f1_topology": 1, "f2_elevation": 1, "f3_pressure": 0, "f4_demand": 1, "passed": 0, "selected": 0 }, "geometry": { "type": "Point", "coordinates": [ 72.916603, 19.125848 ] } },
{ "type": "Feature", "properties": { "node_id": "J176", "elevation_m": 54.6, "demand_lps": 0.1738, "pressure_m": 38.119999, "degree": 1, "node_type": "dead_end", "service_area_m2": 10429.4, "cluster": 4, "f1_topology": 1, "f2_elevation": 1, "f3_pressure": 1, "f4_demand": 1, "passed": 1, "selected": 1 }, "geometry": { "type": "Point", "coordinates": [ 72.916545, 19.132621 ] } },
{ "type": "Feature", "properties": { "node_id": "J177", "elevation_m": 49.53, "demand_lps": 0.0235, "pressure_m": 33.380001, "degree": 1, "node_type": "dead_end", "service_area_m2": 1408.7, "cluster": 5, "f1_topology": 1, "f2_elevation": 1, "f3_pressure": 0, "f4_demand": 0, "passed": 0, "selected": 0 }, "geometry": { "type": "Point", "coordinates": [ 72.916638, 19.12648 ] } },
{ "type": "Feature", "properties": { "node_id": "J178", "elevation_m": 56.72, "demand_lps": 0.0232, "pressure_m": 48.790001, "degree": 1, "node_type": "dead_end", "service_area_m2": 1389.5, "cluster": 2, "f1_topology": 1, "f2_elevation": 1, "f3_pressure": 1, "f4_demand": 0, "passed": 0, "selected": 0 }, "geometry": { "type": "Point", "coordinates": [ 72.916516, 19.13655 ] } },
{ "type": "Feature", "properties": { "node_id": "J179", "elevation_m": 51.84, "demand_lps": 0.0052, "pressure_m": 32.91, "degree": 3, "node_type": "junction", "service_area_m2": 309.6, "cluster": 5, "f1_topology": 1, "f2_elevation": 1, "f3_pressure": 0, "f4_demand": 0, "passed": 0, "selected": 0 }, "geometry": { "type": "Point", "coordinates": [ 72.916625, 19.128257 ] } },
{ "type": "Feature", "properties": { "node_id": "J180", "elevation_m": 55.38, "demand_lps": 0.2145, "pressure_m": 37.220001, "degree": 1, "node_type": "dead_end", "service_area_m2": 12873.2, "cluster": 4, "f1_topology": 1, "f2_elevation": 1, "f3_pressure": 1, "f4_demand": 1, "passed": 1, "selected": 1 }, "geometry": { "type": "Point", "coordinates": [ 72.916609, 19.13328 ] } },
{ "type": "Feature", "properties": { "node_id": "J181", "elevation_m": 51.86, "demand_lps": 0.0563, "pressure_m": 32.880001, "degree": 1, "node_type": "dead_end", "service_area_m2": 3378.7, "cluster": 5, "f1_topology": 1, "f2_elevation": 1, "f3_pressure": 0, "f4_demand": 1, "passed": 0, "selected": 0 }, "geometry": { "type": "Point", "coordinates": [ 72.9167, 19.12814 ] } },
{ "type": "Feature", "properties": { "node_id": "J182", "elevation_m": 51.85, "demand_lps": 0.0033, "pressure_m": 32.900002, "degree": 3, "node_type": "junction", "service_area_m2": 196.2, "cluster": 5, "f1_topology": 1, "f2_elevation": 1, "f3_pressure": 0, "f4_demand": 0, "passed": 0, "selected": 0 }, "geometry": { "type": "Point", "coordinates": [ 72.916723, 19.128261 ] } },
{ "type": "Feature", "properties": { "node_id": "J183", "elevation_m": 51.86, "demand_lps": 0.0769, "pressure_m": 32.880001, "degree": 3, "node_type": "junction", "service_area_m2": 4617.0, "cluster": 5, "f1_topology": 1, "f2_elevation": 1, "f3_pressure": 0, "f4_demand": 1, "passed": 0, "selected": 0 }, "geometry": { "type": "Point", "coordinates": [ 72.91677, 19.128263 ] } },
{ "type": "Feature", "properties": { "node_id": "J184", "elevation_m": 49.29, "demand_lps": 0.0461, "pressure_m": 34.540001, "degree": 3, "node_type": "junction", "service_area_m2": 2766.8, "cluster": 5, "f1_topology": 1, "f2_elevation": 1, "f3_pressure": 0, "f4_demand": 1, "passed": 0, "selected": 0 }, "geometry": { "type": "Point", "coordinates": [ 72.91684, 19.125897 ] } },
{ "type": "Feature", "properties": { "node_id": "J185", "elevation_m": 52.55, "demand_lps": 0.4453, "pressure_m": 15.0, "degree": 1, "node_type": "dead_end", "service_area_m2": 26726.7, "cluster": 4, "f1_topology": 1, "f2_elevation": 1, "f3_pressure": 1, "f4_demand": 1, "passed": 1, "selected": 1 }, "geometry": { "type": "Point", "coordinates": [ 72.916784, 19.131046 ] } },
{ "type": "Feature", "properties": { "node_id": "J186", "elevation_m": 54.7, "demand_lps": 0.0524, "pressure_m": 38.09, "degree": 3, "node_type": "junction", "service_area_m2": 3146.1, "cluster": 4, "f1_topology": 1, "f2_elevation": 1, "f3_pressure": 1, "f4_demand": 0, "passed": 0, "selected": 0 }, "geometry": { "type": "Point", "coordinates": [ 72.916799, 19.13294 ] } },
{ "type": "Feature", "properties": { "node_id": "J187", "elevation_m": 54.52, "demand_lps": 0.0276, "pressure_m": 38.27, "degree": 3, "node_type": "junction", "service_area_m2": 1654.2, "cluster": 4, "f1_topology": 1, "f2_elevation": 1, "f3_pressure": 1, "f4_demand": 0, "passed": 0, "selected": 0 }, "geometry": { "type": "Point", "coordinates": [ 72.916828, 19.132599 ] } },
{ "type": "Feature", "properties": { "node_id": "J188", "elevation_m": 54.52, "demand_lps": 0.0975, "pressure_m": 38.279999, "degree": 4, "node_type": "junction", "service_area_m2": 5854.3, "cluster": 4, "f1_topology": 1, "f2_elevation": 1, "f3_pressure": 1, "f4_demand": 1, "passed": 1, "selected": 1 }, "geometry": { "type": "Point", "coordinates": [ 72.916852, 19.132287 ] } },
{ "type": "Feature", "properties": { "node_id": "J189", "elevation_m": 54.52, "demand_lps": 0.0117, "pressure_m": 38.279999, "degree": 4, "node_type": "junction", "service_area_m2": 700.5, "cluster": 4, "f1_topology": 1, "f2_elevation": 1, "f3_pressure": 1, "f4_demand": 0, "passed": 0, "selected": 0 }, "geometry": { "type": "Point", "coordinates": [ 72.916852, 19.132312 ] } },
{ "type": "Feature", "properties": { "node_id": "J190", "elevation_m": 57.55, "demand_lps": 0.021, "pressure_m": 48.060001, "degree": 4, "node_type": "junction", "service_area_m2": 1257.7, "cluster": 2, "f1_topology": 1, "f2_elevation": 1, "f3_pressure": 1, "f4_demand": 0, "passed": 0, "selected": 0 }, "geometry": { "type": "Point", "coordinates": [ 72.916849, 19.136319 ] } },
{ "type": "Feature", "properties": { "node_id": "J191", "elevation_m": 49.96, "demand_lps": 0.0241, "pressure_m": 35.849998, "degree": 4, "node_type": "junction", "service_area_m2": 1446.4, "cluster": 5, "f1_topology": 1, "f2_elevation": 1, "f3_pressure": 0, "f4_demand": 0, "passed": 0, "selected": 0 }, "geometry": { "type": "Point", "coordinates": [ 72.916972, 19.126704 ] } },
{ "type": "Feature", "properties": { "node_id": "J192", "elevation_m": 50.52, "demand_lps": 0.0886, "pressure_m": 34.139999, "degree": 1, "node_type": "dead_end", "service_area_m2": 5318.3, "cluster": 5, "f1_topology": 1, "f2_elevation": 1, "f3_pressure": 0, "f4_demand": 1, "passed": 0, "selected": 0 }, "geometry": { "type": "Point", "coordinates": [ 72.917009, 19.127283 ] } },
{ "type": "Feature", "properties": { "node_id": "J193", "elevation_m": 50.05, "demand_lps": 0.0032, "pressure_m": 35.759998, "degree": 1, "node_type": "dead_end", "service_area_m2": 191.7, "cluster": 5, "f1_topology": 1, "f2_elevation": 1, "f3_pressure": 0, "f4_demand": 0, "passed": 0, "selected": 0 }, "geometry": { "type": "Point", "coordinates": [ 72.917033, 19.126697 ] } },
{ "type": "Feature", "properties": { "node_id": "J194", "elevation_m": 56.93, "demand_lps": 0.0887, "pressure_m": 49.93, "degree": 1, "node_type": "dead_end", "service_area_m2": 5325.3, "cluster": 2, "f1_topology": 1, "f2_elevation": 1, "f3_pressure": 0, "f4_demand": 1, "passed": 0, "selected": 0 }, "geometry": { "type": "Point", "coordinates": [ 72.916962, 19.13597 ] } },
{ "type": "Feature", "properties": { "node_id": "J195", "elevation_m": 50.05, "demand_lps": 0.0059, "pressure_m": 35.900002, "degree": 3, "node_type": "junction", "service_area_m2": 354.7, "cluster": 5, "f1_topology": 1, "f2_elevation": 1, "f3_pressure": 0, "f4_demand": 0, "passed": 0, "selected": 0 }, "geometry": { "type": "Point", "coordinates": [ 72.917102, 19.126647 ] } },
{ "type": "Feature", "properties": { "node_id": "J196", "elevation_m": 57.55, "demand_lps": 0.0058, "pressure_m": 48.950001, "degree": 3, "node_type": "junction", "service_area_m2": 345.0, "cluster": 2, "f1_topology": 1, "f2_elevation": 1, "f3_pressure": 1, "f4_demand": 0, "passed": 0, "selected": 0 }, "geometry": { "type": "Point", "coordinates": [ 72.916982, 19.136324 ] } },
{ "type": "Feature", "properties": { "node_id": "J197", "elevation_m": 54.65, "demand_lps": 0.3295, "pressure_m": 51.060001, "degree": 1, "node_type": "dead_end", "service_area_m2": 19774.0, "cluster": 2, "f1_topology": 1, "f2_elevation": 0, "f3_pressure": 0, "f4_demand": 1, "passed": 0, "selected": 0 }, "geometry": { "type": "Point", "coordinates": [ 72.91701, 19.134966 ] } },
{ "type": "Feature", "properties": { "node_id": "J198", "elevation_m": 50.05, "demand_lps": 0.0074, "pressure_m": 35.959999, "degree": 4, "node_type": "junction", "service_area_m2": 444.3, "cluster": 5, "f1_topology": 1, "f2_elevation": 1, "f3_pressure": 1, "f4_demand": 0, "passed": 0, "selected": 0 }, "geometry": { "type": "Point", "coordinates": [ 72.917172, 19.126675 ] } },
{ "type": "Feature", "properties": { "node_id": "J199", "elevation_m": 50.07, "demand_lps": 0.0287, "pressure_m": 35.939999, "degree": 1, "node_type": "dead_end", "service_area_m2": 1721.6, "cluster": 5, "f1_topology": 1, "f2_elevation": 1, "f3_pressure": 0, "f4_demand": 0, "passed": 0, "selected": 0 }, "geometry": { "type": "Point", "coordinates": [ 72.917181, 19.126841 ] } },
{ "type": "Feature", "properties": { "node_id": "J200", "elevation_m": 57.34, "demand_lps": 0.0153, "pressure_m": 49.279999, "degree": 1, "node_type": "dead_end", "service_area_m2": 917.7, "cluster": 2, "f1_topology": 1, "f2_elevation": 1, "f3_pressure": 1, "f4_demand": 0, "passed": 0, "selected": 0 }, "geometry": { "type": "Point", "coordinates": [ 72.917063, 19.13643 ] } },
{ "type": "Feature", "properties": { "node_id": "J201", "elevation_m": 53.69, "demand_lps": 0.0207, "pressure_m": 39.18, "degree": 3, "node_type": "junction", "service_area_m2": 1242.3, "cluster": 4, "f1_topology": 1, "f2_elevation": 1, "f3_pressure": 0, "f4_demand": 0, "passed": 0, "selected": 0 }, "geometry": { "type": "Point", "coordinates": [ 72.917118, 19.13231 ] } },
{ "type": "Feature", "properties": { "node_id": "J202", "elevation_m": 57.39, "demand_lps": 0.0071, "pressure_m": 49.23, "degree": 3, "node_type": "junction", "service_area_m2": 424.2, "cluster": 2, "f1_topology": 1, "f2_elevation": 1, "f3_pressure": 1, "f4_demand": 0, "passed": 0, "selected": 0 }, "geometry": { "type": "Point", "coordinates": [ 72.917068, 19.136328 ] } },
{ "type": "Feature", "properties": { "node_id": "J203", "elevation_m": 50.0, "demand_lps": 0.0516, "pressure_m": 36.0, "degree": 1, "node_type": "dead_end", "service_area_m2": 3096.5, "cluster": 5, "f1_topology": 1, "f2_elevation": 1, "f3_pressure": 1, "f4_demand": 1, "passed": 1, "selected": 1 }, "geometry": { "type": "Point", "coordinates": [ 72.917194, 19.12658 ] } },
{ "type": "Feature", "properties": { "node_id": "J204", "elevation_m": 53.69, "demand_lps": 0.0286, "pressure_m": 39.18, "degree": 4, "node_type": "junction", "service_area_m2": 1718.0, "cluster": 4, "f1_topology": 1, "f2_elevation": 1, "f3_pressure": 0, "f4_demand": 0, "passed": 0, "selected": 0 }, "geometry": { "type": "Point", "coordinates": [ 72.917164, 19.132312 ] } },
{ "type": "Feature", "properties": { "node_id": "J205", "elevation_m": 53.69, "demand_lps": 0.0256, "pressure_m": 39.209999, "degree": 4, "node_type": "junction", "service_area_m2": 1539.1, "cluster": 4, "f1_topology": 1, "f2_elevation": 1, "f3_pressure": 0, "f4_demand": 0, "passed": 0, "selected": 0 }, "geometry": { "type": "Point", "coordinates": [ 72.917171, 19.132336 ] } },
{ "type": "Feature", "properties": { "node_id": "J206", "elevation_m": 53.87, "demand_lps": 0.28, "pressure_m": 51.009998, "degree": 1, "node_type": "dead_end", "service_area_m2": 16805.5, "cluster": 4, "f1_topology": 1, "f2_elevation": 1, "f3_pressure": 1, "f4_demand": 1, "passed": 1, "selected": 1 }, "geometry": { "type": "Point", "coordinates": [ 72.91719, 19.133719 ] } },
{ "type": "Feature", "properties": { "node_id": "J207", "elevation_m": 57.32, "demand_lps": 0.0063, "pressure_m": 49.59, "degree": 3, "node_type": "junction", "service_area_m2": 376.2, "cluster": 2, "f1_topology": 1, "f2_elevation": 1, "f3_pressure": 0, "f4_demand": 0, "passed": 0, "selected": 0 }, "geometry": { "type": "Point", "coordinates": [ 72.917245, 19.136524 ] } },
{ "type": "Feature", "properties": { "node_id": "J208", "elevation_m": 57.4, "demand_lps": 0.0254, "pressure_m": 49.509998, "degree": 1, "node_type": "dead_end", "service_area_m2": 1527.8, "cluster": 2, "f1_topology": 1, "f2_elevation": 1, "f3_pressure": 1, "f4_demand": 0, "passed": 0, "selected": 0 }, "geometry": { "type": "Point", "coordinates": [ 72.917251, 19.136598 ] } },
{ "type": "Feature", "properties": { "node_id": "J209", "elevation_m": 57.21, "demand_lps": 0.0034, "pressure_m": 49.700001, "degree": 4, "node_type": "junction", "service_area_m2": 203.7, "cluster": 2, "f1_topology": 1, "f2_elevation": 1, "f3_pressure": 0, "f4_demand": 0, "passed": 0, "selected": 0 }, "geometry": { "type": "Point", "coordinates": [ 72.917265, 19.136354 ] } },
{ "type": "Feature", "properties": { "node_id": "J210", "elevation_m": 57.21, "demand_lps": 0.0058, "pressure_m": 49.700001, "degree": 3, "node_type": "junction", "service_area_m2": 346.5, "cluster": 2, "f1_topology": 1, "f2_elevation": 1, "f3_pressure": 0, "f4_demand": 0, "passed": 0, "selected": 0 }, "geometry": { "type": "Point", "coordinates": [ 72.917267, 19.136336 ] } },
{ "type": "Feature", "properties": { "node_id": "J211", "elevation_m": 57.21, "demand_lps": 0.0055, "pressure_m": 49.700001, "degree": 4, "node_type": "junction", "service_area_m2": 332.7, "cluster": 2, "f1_topology": 1, "f2_elevation": 1, "f3_pressure": 0, "f4_demand": 0, "passed": 0, "selected": 0 }, "geometry": { "type": "Point", "coordinates": [ 72.917274, 19.136337 ] } },
{ "type": "Feature", "properties": { "node_id": "J212", "elevation_m": 63.58, "demand_lps": 0.0924, "pressure_m": 41.919998, "degree": 1, "node_type": "dead_end", "service_area_m2": 5547.3, "cluster": 2, "f1_topology": 1, "f2_elevation": 1, "f3_pressure": 1, "f4_demand": 1, "passed": 1, "selected": 1 }, "geometry": { "type": "Point", "coordinates": [ 72.917362, 19.137421 ] } },
{ "type": "Feature", "properties": { "node_id": "J213", "elevation_m": 59.42, "demand_lps": 0.0568, "pressure_m": 47.57, "degree": 1, "node_type": "dead_end", "service_area_m2": 3407.4, "cluster": 2, "f1_topology": 1, "f2_elevation": 1, "f3_pressure": 1, "f4_demand": 0, "passed": 0, "selected": 0 }, "geometry": { "type": "Point", "coordinates": [ 72.917414, 19.136863 ] } },
{ "type": "Feature", "properties": { "node_id": "J214", "elevation_m": 56.91, "demand_lps": 0.0113, "pressure_m": 50.099998, "degree": 4, "node_type": "junction", "service_area_m2": 676.2, "cluster": 2, "f1_topology": 1, "f2_elevation": 1, "f3_pressure": 0, "f4_demand": 0, "passed": 0, "selected": 0 }, "geometry": { "type": "Point", "coordinates": [ 72.917468, 19.136345 ] } },
{ "type": "Feature", "properties": { "node_id": "J215", "elevation_m": 50.65, "demand_lps": 0.0222, "pressure_m": 35.959999, "degree": 4, "node_type": "junction", "service_area_m2": 1334.9, "cluster": 5, "f1_topology": 1, "f2_elevation": 1, "f3_pressure": 1, "f4_demand": 0, "passed": 0, "selected": 0 }, "geometry": { "type": "Point", "coordinates": [ 72.917599, 19.127161 ] } },
{ "type": "Feature", "properties": { "node_id": "J216", "elevation_m": 66.61, "demand_lps": 0.1048, "pressure_m": 43.169998, "degree": 1, "node_type": "dead_end", "service_area_m2": 6287.2, "cluster": 2, "f1_topology": 1, "f2_elevation": 1, "f3_pressure": 1, "f4_demand": 1, "passed": 1, "selected": 1 }, "geometry": { "type": "Point", "coordinates": [ 72.917546, 19.137985 ] } },
{ "type": "Feature", "properties": { "node_id": "J217", "elevation_m": 50.65, "demand_lps": 0.0451, "pressure_m": 35.959999, "degree": 1, "node_type": "dead_end", "service_area_m2": 2704.4, "cluster": 5, "f1_topology": 1, "f2_elevation": 1, "f3_pressure": 1, "f4_demand": 1, "passed": 1, "selected": 1 }, "geometry": { "type": "Point", "coordinates": [ 72.917684, 19.12709 ] } },
{ "type": "Feature", "properties": { "node_id": "J218", "elevation_m": 50.98, "demand_lps": 0.063, "pressure_m": 35.619999, "degree": 1, "node_type": "dead_end", "service_area_m2": 3784.2, "cluster": 5, "f1_topology": 1, "f2_elevation": 1, "f3_pressure": 0, "f4_demand": 1, "passed": 0, "selected": 0 }, "geometry": { "type": "Point", "coordinates": [ 72.917686, 19.127405 ] } },
{ "type": "Feature", "properties": { "node_id": "J219", "elevation_m": 53.61, "demand_lps": 0.155, "pressure_m": 39.709999, "degree": 1, "node_type": "dead_end", "service_area_m2": 9303.7, "cluster": 4, "f1_topology": 1, "f2_elevation": 1, "f3_pressure": 0, "f4_demand": 1, "passed": 0, "selected": 0 }, "geometry": { "type": "Point", "coordinates": [ 72.917614, 19.133127 ] } },
{ "type": "Feature", "properties": { "node_id": "J220", "elevation_m": 54.43, "demand_lps": 0.2345, "pressure_m": 36.439999, "degree": 1, "node_type": "dead_end", "service_area_m2": 14074.4, "cluster": 4, "f1_topology": 1, "f2_elevation": 1, "f3_pressure": 1, "f4_demand": 1, "passed": 1, "selected": 1 }, "geometry": { "type": "Point", "coordinates": [ 72.917666, 19.131454 ] } },
{ "type": "Feature", "properties": { "node_id": "J221", "elevation_m": 56.92, "demand_lps": 0.0617, "pressure_m": 50.189999, "degree": 1, "node_type": "dead_end", "service_area_m2": 3702.9, "cluster": 2, "f1_topology": 1, "f2_elevation": 1, "f3_pressure": 0, "f4_demand": 0, "passed": 0, "selected": 0 }, "geometry": { "type": "Point", "coordinates": [ 72.917615, 19.136124 ] } },
{ "type": "Feature", "properties": { "node_id": "J222", "elevation_m": 56.64, "demand_lps": 0.006, "pressure_m": 50.48, "degree": 4, "node_type": "junction", "service_area_m2": 357.3, "cluster": 2, "f1_topology": 1, "f2_elevation": 1, "f3_pressure": 0, "f4_demand": 0, "passed": 0, "selected": 0 }, "geometry": { "type": "Point", "coordinates": [ 72.917612, 19.136351 ] } },
{ "type": "Feature", "properties": { "node_id": "J223", "elevation_m": 53.69, "demand_lps": 0.0321, "pressure_m": 39.700001, "degree": 3, "node_type": "junction", "service_area_m2": 1927.7, "cluster": 4, "f1_topology": 1, "f2_elevation": 1, "f3_pressure": 0, "f4_demand": 0, "passed": 0, "selected": 0 }, "geometry": { "type": "Point", "coordinates": [ 72.917663, 19.132817 ] } },
{ "type": "Feature", "properties": { "node_id": "J224", "elevation_m": 56.64, "demand_lps": 0.0098, "pressure_m": 50.48, "degree": 4, "node_type": "junction", "service_area_m2": 585.8, "cluster": 2, "f1_topology": 1, "f2_elevation": 1, "f3_pressure": 0, "f4_demand": 0, "passed": 0, "selected": 0 }, "geometry": { "type": "Point", "coordinates": [ 72.917626, 19.136351 ] } },
{ "type": "Feature", "properties": { "node_id": "J225", "elevation_m": 51.72, "demand_lps": 0.1339, "pressure_m": 32.98, "degree": 1, "node_type": "dead_end", "service_area_m2": 8037.9, "cluster": 5, "f1_topology": 1, "f2_elevation": 1, "f3_pressure": 0, "f4_demand": 1, "passed": 0, "selected": 0 }, "geometry": { "type": "Point", "coordinates": [ 72.91775, 19.128651 ] } },
{ "type": "Feature", "properties": { "node_id": "J226", "elevation_m": 53.08, "demand_lps": 0.0189, "pressure_m": 40.5, "degree": 3, "node_type": "junction", "service_area_m2": 1133.1, "cluster": 4, "f1_topology": 1, "f2_elevation": 1, "f3_pressure": 0, "f4_demand": 0, "passed": 0, "selected": 0 }, "geometry": { "type": "Point", "coordinates": [ 72.917761, 19.132484 ] } },
{ "type": "Feature", "properties": { "node_id": "J227", "elevation_m": 53.08, "demand_lps": 0.0294, "pressure_m": 40.59, "degree": 3, "node_type": "junction", "service_area_m2": 1767.8, "cluster": 4, "f1_topology": 1, "f2_elevation": 1, "f3_pressure": 0, "f4_demand": 0, "passed": 0, "selected": 0 }, "geometry": { "type": "Point", "coordinates": [ 72.917768, 19.132365 ] } },
{ "type": "Feature", "properties": { "node_id": "J228", "elevation_m": 51.24, "demand_lps": 0.0267, "pressure_m": 33.490002, "degree": 4, "node_type": "junction", "service_area_m2": 1600.1, "cluster": 5, "f1_topology": 1, "f2_elevation": 1, "f3_pressure": 0, "f4_demand": 0, "passed": 0, "selected": 0 }, "geometry": { "type": "Point", "coordinates": [ 72.917846, 19.128463 ] } },
{ "type": "Feature", "properties": { "node_id": "J229", "elevation_m": 53.69, "demand_lps": 0.0529, "pressure_m": 39.689999, "degree": 1, "node_type": "dead_end", "service_area_m2": 3173.7, "cluster": 4, "f1_topology": 1, "f2_elevation": 1, "f3_pressure": 0, "f4_demand": 0, "passed": 0, "selected": 0 }, "geometry": { "type": "Point", "coordinates": [ 72.917835, 19.132819 ] } },
{ "type": "Feature", "properties": { "node_id": "J230", "elevation_m": 51.16, "demand_lps": 0.0408, "pressure_m": 33.57, "degree": 1, "node_type": "dead_end", "service_area_m2": 2449.5, "cluster": 5, "f1_topology": 1, "f2_elevation": 1, "f3_pressure": 0, "f4_demand": 0, "passed": 0, "selected": 0 }, "geometry": { "type": "Point", "coordinates": [ 72.917919, 19.128354 ] } },
{ "type": "Feature", "properties": { "node_id": "J231", "elevation_m": 56.67, "demand_lps": 0.0294, "pressure_m": 50.509998, "degree": 5, "node_type": "junction", "service_area_m2": 1767.5, "cluster": 2, "f1_topology": 1, "f2_elevation": 1, "f3_pressure": 0, "f4_demand": 0, "passed": 0, "selected": 0 }, "geometry": { "type": "Point", "coordinates": [ 72.917886, 19.136361 ] } },
{ "type": "Feature", "properties": { "node_id": "J232", "elevation_m": 53.39, "demand_lps": 0.0969, "pressure_m": 38.509998, "degree": 3, "node_type": "junction", "service_area_m2": 5818.5, "cluster": 4, "f1_topology": 1, "f2_elevation": 1, "f3_pressure": 0, "f4_demand": 1, "passed": 0, "selected": 0 }, "geometry": { "type": "Point", "coordinates": [ 72.91795, 19.131981 ] } },
{ "type": "Feature", "properties": { "node_id": "J233", "elevation_m": 56.68, "demand_lps": 0.1069, "pressure_m": 50.75, "degree": 3, "node_type": "junction", "service_area_m2": 6415.7, "cluster": 2, "f1_topology": 1, "f2_elevation": 1, "f3_pressure": 0, "f4_demand": 1, "passed": 0, "selected": 0 }, "geometry": { "type": "Point", "coordinates": [ 72.917901, 19.136738 ] } },
{ "type": "Feature", "properties": { "node_id": "J234", "elevation_m": 50.34, "demand_lps": 0.0111, "pressure_m": 36.810001, "degree": 4, "node_type": "junction", "service_area_m2": 664.6, "cluster": 5, "f1_topology": 1, "f2_elevation": 1, "f3_pressure": 1, "f4_demand": 0, "passed": 0, "selected": 0 }, "geometry": { "type": "Point", "coordinates": [ 72.918044, 19.127457 ] } },
{ "type": "Feature", "properties": { "node_id": "J235", "elevation_m": 50.72, "demand_lps": 0.0305, "pressure_m": 36.43, "degree": 1, "node_type": "dead_end", "service_area_m2": 1830.8, "cluster": 5, "f1_topology": 1, "f2_elevation": 1, "f3_pressure": 1, "f4_demand": 0, "passed": 0, "selected": 0 }, "geometry": { "type": "Point", "coordinates": [ 72.918063, 19.127396 ] } },
{ "type": "Feature", "properties": { "node_id": "J236", "elevation_m": 56.5, "demand_lps": 0.1641, "pressure_m": 50.610001, "degree": 1, "node_type": "dead_end", "service_area_m2": 9851.5, "cluster": 2, "f1_topology": 1, "f2_elevation": 1, "f3_pressure": 0, "f4_demand": 1, "passed": 0, "selected": 0 }, "geometry": { "type": "Point", "coordinates": [ 72.917963, 19.136101 ] } },
{ "type": "Feature", "properties": { "node_id": "J237", "elevation_m": 51.22, "demand_lps": 0.0313, "pressure_m": 33.509998, "degree": 1, "node_type": "dead_end", "service_area_m2": 1879.6, "cluster": 5, "f1_topology": 1, "f2_elevation": 1, "f3_pressure": 0, "f4_demand": 0, "passed": 0, "selected": 0 }, "geometry": { "type": "Point", "coordinates": [ 72.918072, 19.128477 ] } },
{ "type": "Feature", "properties": { "node_id": "J238", "elevation_m": 53.48, "demand_lps": 0.0634, "pressure_m": 40.080002, "degree": 1, "node_type": "dead_end", "service_area_m2": 3805.9, "cluster": 4, "f1_topology": 1, "f2_elevation": 1, "f3_pressure": 0, "f4_demand": 0, "passed": 0, "selected": 0 }, "geometry": { "type": "Point", "coordinates": [ 72.918066, 19.132512 ] } },
{ "type": "Feature", "properties": { "node_id": "J239", "elevation_m": 50.15, "demand_lps": 0.0461, "pressure_m": 36.990002, "degree": 1, "node_type": "dead_end", "service_area_m2": 2764.6, "cluster": 5, "f1_topology": 1, "f2_elevation": 1, "f3_pressure": 1, "f4_demand": 1, "passed": 1, "selected": 1 }, "geometry": { "type": "Point", "coordinates": [ 72.918128, 19.127653 ] } },
{ "type": "Feature", "properties": { "node_id": "J240", "elevation_m": 51.09, "demand_lps": 0.0093, "pressure_m": 36.889999, "degree": 1, "node_type": "dead_end", "service_area_m2": 559.2, "cluster": 5, "f1_topology": 1, "f2_elevation": 1, "f3_pressure": 1, "f4_demand": 0, "passed": 0, "selected": 0 }, "geometry": { "type": "Point", "coordinates": [ 72.918124, 19.128327 ] } },
{ "type": "Feature", "properties": { "node_id": "J241", "elevation_m": 48.33, "demand_lps": 0.3247, "pressure_m": 18.66, "degree": 1, "node_type": "dead_end", "service_area_m2": 19488.1, "cluster": 4, "f1_topology": 1, "f2_elevation": 0, "f3_pressure": 1, "f4_demand": 1, "passed": 0, "selected": 0 }, "geometry": { "type": "Point", "coordinates": [ 72.918123, 19.129345 ] } },
{ "type": "Feature", "properties": { "node_id": "J242", "elevation_m": 50.45, "demand_lps": 0.021, "pressure_m": 37.529999, "degree": 3, "node_type": "junction", "service_area_m2": 1258.9, "cluster": 5, "f1_topology": 1, "f2_elevation": 1, "f3_pressure": 1, "f4_demand": 0, "passed": 0, "selected": 0 }, "geometry": { "type": "Point", "coordinates": [ 72.918188, 19.128344 ] } },
{ "type": "Feature", "properties": { "node_id": "J243", "elevation_m": 48.28, "demand_lps": 0.0258, "pressure_m": 39.48, "degree": 3, "node_type": "junction", "service_area_m2": 1548.6, "cluster": 5, "f1_topology": 1, "f2_elevation": 0, "f3_pressure": 1, "f4_demand": 0, "passed": 0, "selected": 0 }, "geometry": { "type": "Point", "coordinates": [ 72.918296, 19.128017 ] } },
{ "type": "Feature", "properties": { "node_id": "J244", "elevation_m": 48.22, "demand_lps": 0.0166, "pressure_m": 39.709999, "degree": 3, "node_type": "junction", "service_area_m2": 993.9, "cluster": 5, "f1_topology": 1, "f2_elevation": 0, "f3_pressure": 1, "f4_demand": 0, "passed": 0, "selected": 0 }, "geometry": { "type": "Point", "coordinates": [ 72.918496, 19.127987 ] } },
{ "type": "Feature", "properties": { "node_id": "J245", "elevation_m": 48.19, "demand_lps": 0.0463, "pressure_m": 39.73, "degree": 1, "node_type": "dead_end", "service_area_m2": 2780.2, "cluster": 5, "f1_topology": 1, "f2_elevation": 0, "f3_pressure": 1, "f4_demand": 1, "passed": 0, "selected": 0 }, "geometry": { "type": "Point", "coordinates": [ 72.918574, 19.127961 ] } },
{ "type": "Feature", "properties": { "node_id": "J246", "elevation_m": 56.32, "demand_lps": 0.2979, "pressure_m": 49.610001, "degree": 1, "node_type": "dead_end", "service_area_m2": 17878.7, "cluster": 2, "f1_topology": 1, "f2_elevation": 1, "f3_pressure": 0, "f4_demand": 1, "passed": 0, "selected": 1 }, "geometry": { "type": "Point", "coordinates": [ 72.918639, 19.136249 ] } },
{ "type": "Feature", "properties": { "node_id": "J247", "elevation_m": 49.29, "demand_lps": 0.09, "pressure_m": 39.150002, "degree": 3, "node_type": "junction", "service_area_m2": 5400.8, "cluster": 5, "f1_topology": 1, "f2_elevation": 1, "f3_pressure": 1, "f4_demand": 1, "passed": 1, "selected": 1 }, "geometry": { "type": "Point", "coordinates": [ 72.918756, 19.128605 ] } },
{ "type": "Feature", "properties": { "node_id": "J248", "elevation_m": 47.36, "demand_lps": 0.0764, "pressure_m": 41.5, "degree": 3, "node_type": "junction", "service_area_m2": 4587.7, "cluster": 4, "f1_topology": 1, "f2_elevation": 0, "f3_pressure": 0, "f4_demand": 0, "passed": 0, "selected": 0 }, "geometry": { "type": "Point", "coordinates": [ 72.918818, 19.128976 ] } },
{ "type": "Feature", "properties": { "node_id": "J249", "elevation_m": 50.2, "demand_lps": 0.1066, "pressure_m": 47.360001, "degree": 1, "node_type": "dead_end", "service_area_m2": 6395.1, "cluster": 4, "f1_topology": 1, "f2_elevation": 0, "f3_pressure": 1, "f4_demand": 1, "passed": 0, "selected": 0 }, "geometry": { "type": "Point", "coordinates": [ 72.918874, 19.132764 ] } },
{ "type": "Feature", "properties": { "node_id": "J250", "elevation_m": 49.68, "demand_lps": 0.0743, "pressure_m": 46.16, "degree": 1, "node_type": "dead_end", "service_area_m2": 4458.3, "cluster": 4, "f1_topology": 1, "f2_elevation": 0, "f3_pressure": 0, "f4_demand": 0, "passed": 0, "selected": 0 }, "geometry": { "type": "Point", "coordinates": [ 72.918946, 19.132186 ] } },
{ "type": "Feature", "properties": { "node_id": "J251", "elevation_m": 50.9, "demand_lps": 0.0638, "pressure_m": 44.720001, "degree": 1, "node_type": "dead_end", "service_area_m2": 3828.3, "cluster": 4, "f1_topology": 1, "f2_elevation": 1, "f3_pressure": 0, "f4_demand": 0, "passed": 0, "selected": 0 }, "geometry": { "type": "Point", "coordinates": [ 72.919014, 19.131549 ] } },
{ "type": "Feature", "properties": { "node_id": "J252", "elevation_m": 50.2, "demand_lps": 0.2224, "pressure_m": 47.369999, "degree": 3, "node_type": "junction", "service_area_m2": 13351.7, "cluster": 4, "f1_topology": 1, "f2_elevation": 0, "f3_pressure": 1, "f4_demand": 1, "passed": 0, "selected": 0 }, "geometry": { "type": "Point", "coordinates": [ 72.919004, 19.132801 ] } },
{ "type": "Feature", "properties": { "node_id": "J253", "elevation_m": 48.58, "demand_lps": 0.0599, "pressure_m": 46.790001, "degree": 1, "node_type": "dead_end", "service_area_m2": 3594.5, "cluster": 4, "f1_topology": 1, "f2_elevation": 0, "f3_pressure": 1, "f4_demand": 0, "passed": 0, "selected": 0 }, "geometry": { "type": "Point", "coordinates": [ 72.919042, 19.130995 ] } },
{ "type": "Feature", "properties": { "node_id": "J254", "elevation_m": 49.68, "demand_lps": 0.0553, "pressure_m": 46.18, "degree": 4, "node_type": "junction", "service_area_m2": 3320.1, "cluster": 4, "f1_topology": 1, "f2_elevation": 0, "f3_pressure": 0, "f4_demand": 0, "passed": 0, "selected": 0 }, "geometry": { "type": "Point", "coordinates": [ 72.919051, 19.131985 ] } },
{ "type": "Feature", "properties": { "node_id": "J255", "elevation_m": 48.73, "demand_lps": 0.0805, "pressure_m": 44.779999, "degree": 1, "node_type": "dead_end", "service_area_m2": 4832.5, "cluster": 4, "f1_topology": 1, "f2_elevation": 0, "f3_pressure": 0, "f4_demand": 0, "passed": 0, "selected": 0 }, "geometry": { "type": "Point", "coordinates": [ 72.91908, 19.130391 ] } },
{ "type": "Feature", "properties": { "node_id": "J256", "elevation_m": 48.75, "demand_lps": 0.0487, "pressure_m": 46.509998, "degree": 1, "node_type": "dead_end", "service_area_m2": 2922.5, "cluster": 4, "f1_topology": 1, "f2_elevation": 0, "f3_pressure": 1, "f4_demand": 0, "passed": 0, "selected": 0 }, "geometry": { "type": "Point", "coordinates": [ 72.919076, 19.130706 ] } },
{ "type": "Feature", "properties": { "node_id": "J257", "elevation_m": 49.86, "demand_lps": 0.0489, "pressure_m": 39.27, "degree": 1, "node_type": "dead_end", "service_area_m2": 2937.6, "cluster": 4, "f1_topology": 1, "f2_elevation": 0, "f3_pressure": 0, "f4_demand": 0, "passed": 0, "selected": 0 }, "geometry": { "type": "Point", "coordinates": [ 72.919098, 19.129594 ] } },
{ "type": "Feature", "properties": { "node_id": "J258", "elevation_m": 50.9, "demand_lps": 0.0317, "pressure_m": 44.720001, "degree": 3, "node_type": "junction", "service_area_m2": 1903.3, "cluster": 4, "f1_topology": 1, "f2_elevation": 1, "f3_pressure": 0, "f4_demand": 0, "passed": 0, "selected": 0 }, "geometry": { "type": "Point", "coordinates": [ 72.919082, 19.131542 ] } },
{ "type": "Feature", "properties": { "node_id": "J259", "elevation_m": 49.27, "demand_lps": 0.0492, "pressure_m": 41.119999, "degree": 1, "node_type": "dead_end", "service_area_m2": 2950.5, "cluster": 4, "f1_topology": 1, "f2_elevation": 0, "f3_pressure": 0, "f4_demand": 0, "passed": 0, "selected": 0 }, "geometry": { "type": "Point", "coordinates": [ 72.919119, 19.129945 ] } },
{ "type": "Feature", "properties": { "node_id": "J260", "elevation_m": 48.58, "demand_lps": 0.0158, "pressure_m": 46.869999, "degree": 3, "node_type": "junction", "service_area_m2": 948.5, "cluster": 4, "f1_topology": 1, "f2_elevation": 0, "f3_pressure": 1, "f4_demand": 0, "passed": 0, "selected": 0 }, "geometry": { "type": "Point", "coordinates": [ 72.919109, 19.131169 ] } },
{ "type": "Feature", "properties": { "node_id": "J261", "elevation_m": 48.58, "demand_lps": 0.0026, "pressure_m": 46.84, "degree": 3, "node_type": "junction", "service_area_m2": 156.7, "cluster": 4, "f1_topology": 1, "f2_elevation": 0, "f3_pressure": 1, "f4_demand": 0, "passed": 0, "selected": 0 }, "geometry": { "type": "Point", "coordinates": [ 72.919114, 19.131102 ] } },
{ "type": "Feature", "properties": { "node_id": "J262", "elevation_m": 48.58, "demand_lps": 0.0098, "pressure_m": 46.790001, "degree": 3, "node_type": "junction", "service_area_m2": 588.0, "cluster": 4, "f1_topology": 1, "f2_elevation": 0, "f3_pressure": 1, "f4_demand": 0, "passed": 0, "selected": 0 }, "geometry": { "type": "Point", "coordinates": [ 72.919123, 19.13098 ] } },
{ "type": "Feature", "properties": { "node_id": "J263", "elevation_m": 48.75, "demand_lps": 0.0087, "pressure_m": 46.509998, "degree": 4, "node_type": "junction", "service_area_m2": 520.4, "cluster": 4, "f1_topology": 1, "f2_elevation": 0, "f3_pressure": 1, "f4_demand": 0, "passed": 0, "selected": 0 }, "geometry": { "type": "Point", "coordinates": [ 72.919143, 19.130707 ] } },
{ "type": "Feature", "properties": { "node_id": "J264", "elevation_m": 48.74, "demand_lps": 0.0032, "pressure_m": 46.209999, "degree": 3, "node_type": "junction", "service_area_m2": 192.1, "cluster": 4, "f1_topology": 1, "f2_elevation": 0, "f3_pressure": 0, "f4_demand": 0, "passed": 0, "selected": 0 }, "geometry": { "type": "Point", "coordinates": [ 72.919151, 19.130585 ] } },
{ "type": "Feature", "properties": { "node_id": "J265", "elevation_m": 48.74, "demand_lps": 0.0031, "pressure_m": 46.080002, "degree": 4, "node_type": "junction", "service_area_m2": 186.0, "cluster": 4, "f1_topology": 1, "f2_elevation": 0, "f3_pressure": 0, "f4_demand": 0, "passed": 0, "selected": 0 }, "geometry": { "type": "Point", "coordinates": [ 72.919155, 19.130531 ] } },
{ "type": "Feature", "properties": { "node_id": "J266", "elevation_m": 48.73, "demand_lps": 0.0189, "pressure_m": 44.790001, "degree": 3, "node_type": "junction", "service_area_m2": 1134.3, "cluster": 4, "f1_topology": 1, "f2_elevation": 0, "f3_pressure": 0, "f4_demand": 0, "passed": 0, "selected": 0 }, "geometry": { "type": "Point", "coordinates": [ 72.919166, 19.130381 ] } },
{ "type": "Feature", "properties": { "node_id": "J267", "elevation_m": 49.27, "demand_lps": 0.0292, "pressure_m": 41.119999, "degree": 3, "node_type": "junction", "service_area_m2": 1750.9, "cluster": 4, "f1_topology": 1, "f2_elevation": 0, "f3_pressure": 0, "f4_demand": 0, "passed": 0, "selected": 0 }, "geometry": { "type": "Point", "coordinates": [ 72.919197, 19.129961 ] } },
{ "type": "Feature", "properties": { "node_id": "J268", "elevation_m": 49.42, "demand_lps": 0.0266, "pressure_m": 39.720001, "degree": 3, "node_type": "junction", "service_area_m2": 1596.3, "cluster": 4, "f1_topology": 1, "f2_elevation": 0, "f3_pressure": 0, "f4_demand": 0, "passed": 0, "selected": 0 }, "geometry": { "type": "Point", "coordinates": [ 72.91921, 19.129769 ] } },
{ "type": "Feature", "properties": { "node_id": "J269", "elevation_m": 48.58, "demand_lps": 0.0142, "pressure_m": 46.84, "degree": 1, "node_type": "dead_end", "service_area_m2": 851.4, "cluster": 4, "f1_topology": 1, "f2_elevation": 0, "f3_pressure": 1, "f4_demand": 0, "passed": 0, "selected": 0 }, "geometry": { "type": "Point", "coordinates": [ 72.919209, 19.131117 ] } },
{ "type": "Feature", "properties": { "node_id": "J270", "elevation_m": 47.71, "demand_lps": 0.0274, "pressure_m": 41.32, "degree": 3, "node_type": "junction", "service_area_m2": 1644.1, "cluster": 4, "f1_topology": 1, "f2_elevation": 0, "f3_pressure": 0, "f4_demand": 0, "passed": 0, "selected": 0 }, "geometry": { "type": "Point", "coordinates": [ 72.919243, 19.129324 ] } },
{ "type": "Feature", "properties": { "node_id": "J271", "elevation_m": 48.58, "demand_lps": 0.0219, "pressure_m": 46.869999, "degree": 1, "node_type": "dead_end", "service_area_m2": 1314.5, "cluster": 4, "f1_topology": 1, "f2_elevation": 0, "f3_pressure": 1, "f4_demand": 0, "passed": 0, "selected": 0 }, "geometry": { "type": "Point", "coordinates": [ 72.919221, 19.131191 ] } },
{ "type": "Feature", "properties": { "node_id": "J272", "elevation_m": 48.74, "demand_lps": 0.0102, "pressure_m": 46.080002, "degree": 1, "node_type": "dead_end", "service_area_m2": 613.3, "cluster": 4, "f1_topology": 1, "f2_elevation": 0, "f3_pressure": 0, "f4_demand": 0, "passed": 0, "selected": 0 }, "geometry": { "type": "Point", "coordinates": [ 72.919237, 19.130524 ] } },
{ "type": "Feature", "properties": { "node_id": "J273", "elevation_m": 48.75, "demand_lps": 0.022, "pressure_m": 46.200001, "degree": 1, "node_type": "dead_end", "service_area_m2": 1323.6, "cluster": 4, "f1_topology": 1, "f2_elevation": 0, "f3_pressure": 0, "f4_demand": 0, "passed": 0, "selected": 0 }, "geometry": { "type": "Point", "coordinates": [ 72.919264, 19.130581 ] } },
{ "type": "Feature", "properties": { "node_id": "J274", "elevation_m": 47.71, "demand_lps": 0.0249, "pressure_m": 41.32, "degree": 4, "node_type": "junction", "service_area_m2": 1492.1, "cluster": 4, "f1_topology": 1, "f2_elevation": 0, "f3_pressure": 0, "f4_demand": 0, "passed": 0, "selected": 0 }, "geometry": { "type": "Point", "coordinates": [ 72.919376, 19.129315 ] } },
{ "type": "Feature", "properties": { "node_id": "J275", "elevation_m": 47.71, "demand_lps": 0.0412, "pressure_m": 41.310001, "degree": 1, "node_type": "dead_end", "service_area_m2": 2472.8, "cluster": 4, "f1_topology": 1, "f2_elevation": 0, "f3_pressure": 0, "f4_demand": 0, "passed": 0, "selected": 0 }, "geometry": { "type": "Point", "coordinates": [ 72.919461, 19.12933 ] } }
]
}
