{
"type": "FeatureCollection",
"name": "network",
"crs": { "type": "name", "properties": { "name": "urn:ogc:def:crs:OGC:1.3:CRS84" } },
"xy_coordinate_resolution": 1e-06,
"features": [
{ "type": "Feature", "properties": { "pipe_id": "P1", "node1": "J1", "node2": "J3", "length_m": 71.16, "diameter_mm": 50.0, "diameter_cad_mm": 50.0, "material": null, "diameter_from_cad": 1, "flow_lps": -1.6056, "velocity_ms": 0.81770003 }, "geometry": { "type": "LineString", "coordinates": [ [ 72.909774, 19.135461 ], [ 72.910185, 19.135356 ], [ 72.910243, 19.135588 ] ] } },
{ "type": "Feature", "properties": { "pipe_id": "P2", "node1": "J3", "node2": "J2", "length_m": 23.81, "diameter_mm": 50.0, "diameter_cad_mm": 50.0, "material": null, "diameter_from_cad": 1, "flow_lps": 0.27469999, "velocity_ms": 0.1399 }, "geometry": { "type": "LineString", "coordinates": [ [ 72.910243, 19.135588 ], [ 72.910021, 19.135631 ] ] } },
{ "type": "Feature", "properties": { "pipe_id": "P3", "node1": "J3", "node2": "J8", "length_m": 85.88, "diameter_mm": 100.0, "diameter_cad_mm": 100.0, "material": "UNK", "diameter_from_cad": 0, "flow_lps": -3.312, "velocity_ms": 0.4217 }, "geometry": { "type": "LineString", "coordinates": [ [ 72.910243, 19.135588 ], [ 72.910751, 19.136195 ] ] } },
{ "type": "Feature", "properties": { "pipe_id": "P4", "node1": "J3", "node2": "J6", "length_m": 162.95, "diameter_mm": 100.0, "diameter_cad_mm": 100.0, "material": "UNK", "diameter_from_cad": 0, "flow_lps": -1.1645, "velocity_ms": 0.14830001 }, "geometry": { "type": "LineString", "coordinates": [ [ 72.910243, 19.135588 ], [ 72.910371, 19.136098 ], [ 72.910447, 19.136338 ], [ 72.910626, 19.137014 ] ] } },
{ "type": "Feature", "properties": { "pipe_id": "P5", "node1": "J4", "node2": "J3", "length_m": 325.56, "diameter_mm": 50.0, "diameter_cad_mm": 50.0, "material": "GI", "diameter_from_cad": 1, "flow_lps": -1.8431, "velocity_ms": 0.93870002 }, "geometry": { "type": "LineString", "coordinates": [ [ 72.910276, 19.133162 ], [ 72.910322, 19.133206 ], [ 72.910407, 19.133236 ], [ 72.910394, 19.133264 ], [ 72.910321, 19.133522 ], [ 72.910345, 19.13361 ], [ 72.910384, 19.13376 ], [ 72.910411, 19.13388 ], [ 72.910475, 19.13409 ], [ 72.910513, 19.134128 ], [ 72.909964, 19.134317 ], [ 72.909987, 19.134566 ], [ 72.910243, 19.135588 ] ] } },
{ "type": "Feature", "properties": { "pipe_id": "P6", "node1": "J6", "node2": "J5", "length_m": 29.8, "diameter_mm": 50.0, "diameter_cad_mm": 50.0, "material": "UNK", "diameter_from_cad": 0, "flow_lps": 0.67400002, "velocity_ms": 0.34330001 }, "geometry": { "type": "LineString", "coordinates": [ [ 72.910626, 19.137014 ], [ 72.910345, 19.137045 ] ] } },
{ "type": "Feature", "properties": { "pipe_id": "P7", "node1": "J6", "node2": "J7", "length_m": 6.23, "diameter_mm": 50.0, "diameter_cad_mm": 50.0, "material": "UNK", "diameter_from_cad": 0, "flow_lps": 0.68669999, "velocity_ms": 0.3497 }, "geometry": { "type": "LineString", "coordinates": [ [ 72.910626, 19.137014 ], [ 72.910641, 19.137068 ] ] } },
{ "type": "Feature", "properties": { "pipe_id": "P8", "node1": "J6", "node2": "J8", "length_m": 91.54, "diameter_mm": 100.0, "diameter_cad_mm": 100.0, "material": "UNK", "diameter_from_cad": 0, "flow_lps": -2.6921, "velocity_ms": 0.34279999 }, "geometry": { "type": "LineString", "coordinates": [ [ 72.910626, 19.137014 ], [ 72.910751, 19.136195 ] ] } },
{ "type": "Feature", "properties": { "pipe_id": "P9", "node1": "J8", "node2": "J32", "length_m": 270.89, "diameter_mm": 100.0, "diameter_cad_mm": 100.0, "material": "UNK", "diameter_from_cad": 0, "flow_lps": -6.8094001, "velocity_ms": 0.86699998 }, "geometry": { "type": "LineString", "coordinates": [ [ 72.910751, 19.136195 ], [ 72.911212, 19.13614 ], [ 72.911534, 19.136137 ], [ 72.911783, 19.136138 ], [ 72.912367, 19.136143 ], [ 72.9133, 19.135954 ] ] } },
{ "type": "Feature", "properties": { "pipe_id": "P10", "node1": "J9", "node2": "J29", "length_m": 147.8, "diameter_mm": 50.0, "diameter_cad_mm": 50.0, "material": "UNK", "diameter_from_cad": 0, "flow_lps": -0.012, "velocity_ms": 0.0061 }, "geometry": { "type": "LineString", "coordinates": [ [ 72.911574, 19.125207 ], [ 72.912014, 19.125209 ], [ 72.912154, 19.125228 ], [ 72.912452, 19.125274 ], [ 72.912933, 19.125341 ], [ 72.912967, 19.125349 ] ] } },
{ "type": "Feature", "properties": { "pipe_id": "P11", "node1": "J11", "node2": "J10", "length_m": 64.22, "diameter_mm": 50.0, "diameter_cad_mm": 50.0, "material": "UNK", "diameter_from_cad": 0, "flow_lps": 0.39050001, "velocity_ms": 0.1989 }, "geometry": { "type": "LineString", "coordinates": [ [ 72.911692, 19.124754 ], [ 72.911688, 19.124867 ], [ 72.911433, 19.124869 ], [ 72.911587, 19.124868 ], [ 72.911581, 19.124945 ] ] } },
{ "type": "Feature", "properties": { "pipe_id": "P12", "node1": "J11", "node2": "J12", "length_m": 22.93, "diameter_mm": 50.0, "diameter_cad_mm": 50.0, "material": "UNK", "diameter_from_cad": 0, "flow_lps": 0.1098, "velocity_ms": 0.0559 }, "geometry": { "type": "LineString", "coordinates": [ [ 72.911692, 19.124754 ], [ 72.91191, 19.124757 ] ] } },
{ "type": "Feature", "properties": { "pipe_id": "P13", "node1": "J11", "node2": "J23", "length_m": 128.31, "diameter_mm": 100.0, "diameter_cad_mm": 100.0, "material": "UNK", "diameter_from_cad": 0, "flow_lps": -0.90719998, "velocity_ms": 0.1155 }, "geometry": { "type": "LineString", "coordinates": [ [ 72.911692, 19.124754 ], [ 72.911695, 19.124691 ], [ 72.911707, 19.124467 ], [ 72.912541, 19.12448 ], [ 72.91261, 19.124523 ] ] } },
{ "type": "Feature", "properties": { "pipe_id": "P14", "node1": "J25", "node2": "J13", "length_m": 95.76, "diameter_mm": 50.0, "diameter_cad_mm": 50.0, "material": null, "diameter_from_cad": 1, "flow_lps": 1.1801, "velocity_ms": 0.60100001 }, "geometry": { "type": "LineString", "coordinates": [ [ 72.912541, 19.133403 ], [ 72.912335, 19.13348 ], [ 72.911956, 19.133613 ], [ 72.911857, 19.133359 ] ] } },
{ "type": "Feature", "properties": { "pipe_id": "P15", "node1": "J16", "node2": "J14", "length_m": 13.78, "diameter_mm": 50.0, "diameter_cad_mm": 50.0, "material": "UNK", "diameter_from_cad": 0, "flow_lps": 0.0163, "velocity_ms": 0.0083 }, "geometry": { "type": "LineString", "coordinates": [ [ 72.912312, 19.124834 ], [ 72.912181, 19.12483 ] ] } },
{ "type": "Feature", "properties": { "pipe_id": "P16", "node1": "J16", "node2": "J15", "length_m": 19.57, "diameter_mm": 50.0, "diameter_cad_mm": 50.0, "material": "UNK", "diameter_from_cad": 0, "flow_lps": 0.047600001, "velocity_ms": 0.0242 }, "geometry": { "type": "LineString", "coordinates": [ [ 72.912312, 19.124834 ], [ 72.912308, 19.124894 ], [ 72.912185, 19.124892 ] ] } },
{ "type": "Feature", "properties": { "pipe_id": "P17", "node1": "J17", "node2": "J16", "length_m": 8.74, "diameter_mm": 40.0, "diameter_cad_mm": 40.0, "material": null, "diameter_from_cad": 1, "flow_lps": 0.082, "velocity_ms": 0.065200001 }, "geometry": { "type": "LineString", "coordinates": [ [ 72.912314, 19.124756 ], [ 72.912312, 19.124834 ] ] } },
{ "type": "Feature", "properties": { "pipe_id": "P18", "node1": "J17", "node2": "J18", "length_m": 10.27, "diameter_mm": 40.0, "diameter_cad_mm": 40.0, "material": null, "diameter_from_cad": 1, "flow_lps": 0.1044, "velocity_ms": 0.0831 }, "geometry": { "type": "LineString", "coordinates": [ [ 72.912314, 19.124756 ], [ 72.912318, 19.124663 ] ] } },
{ "type": "Feature", "properties": { "pipe_id": "P19", "node1": "J22", "node2": "J17", "length_m": 19.63, "diameter_mm": 40.0, "diameter_cad_mm": 40.0, "material": null, "diameter_from_cad": 1, "flow_lps": 0.19419999, "velocity_ms": 0.15449999 }, "geometry": { "type": "LineString", "coordinates": [ [ 72.912501, 19.124754 ], [ 72.912314, 19.124756 ] ] } },
{ "type": "Feature", "properties": { "pipe_id": "P20", "node1": "J19", "node2": "J21", "length_m": 61.12, "diameter_mm": 40.0, "diameter_cad_mm": 40.0, "material": null, "diameter_from_cad": 1, "flow_lps": -0.055500001, "velocity_ms": 0.0442 }, "geometry": { "type": "LineString", "coordinates": [ [ 72.91238, 19.125263 ], [ 72.912402, 19.125163 ], [ 72.912413, 19.125052 ], [ 72.912413, 19.12505 ], [ 72.912413, 19.125049 ], [ 72.912414, 19.125047 ], [ 72.912414, 19.125046 ], [ 72.912415, 19.125044 ], [ 72.912415, 19.125043 ], [ 72.912416, 19.125042 ], [ 72.912417, 19.125041 ], [ 72.912418, 19.125039 ], [ 72.912419, 19.125038 ], [ 72.91242, 19.125037 ], [ 72.912422, 19.125036 ], [ 72.912423, 19.125035 ], [ 72.912424, 19.125035 ], [ 72.912426, 19.125034 ], [ 72.912427, 19.125033 ], [ 72.912428, 19.125033 ], [ 72.91243, 19.125032 ], [ 72.912432, 19.125032 ], [ 72.912433, 19.125032 ], [ 72.912463, 19.125032 ], [ 72.912464, 19.125032 ], [ 72.912465, 19.125032 ], [ 72.912465, 19.125032 ], [ 72.912466, 19.125032 ], [ 72.912467, 19.125031 ], [ 72.912468, 19.125031 ], [ 72.912469, 19.125031 ], [ 72.912469, 19.12503 ], [ 72.91247, 19.12503 ], [ 72.912471, 19.125029 ], [ 72.912472, 19.125029 ], [ 72.912472, 19.125028 ], [ 72.912473, 19.125028 ], [ 72.912473, 19.125027 ], [ 72.912474, 19.125026 ], [ 72.912474, 19.125026 ], [ 72.912475, 19.125025 ], [ 72.912475, 19.125024 ], [ 72.912475, 19.125023 ], [ 72.912475, 19.125023 ], [ 72.912476, 19.125022 ], [ 72.912476, 19.125021 ], [ 72.912476, 19.12502 ], [ 72.912476, 19.125019 ], [ 72.912476, 19.125019 ], [ 72.912475, 19.125018 ], [ 72.912475, 19.125017 ], [ 72.912475, 19.125016 ], [ 72.9125, 19.12476 ] ] } },
{ "type": "Feature", "properties": { "pipe_id": "P21", "node1": "J25", "node2": "J20", "length_m": 37.5, "diameter_mm": 50.0, "diameter_cad_mm": 50.0, "material": null, "diameter_from_cad": 1, "flow_lps": 0.2166, "velocity_ms": 0.1103 }, "geometry": { "type": "LineString", "coordinates": [ [ 72.912541, 19.133403 ], [ 72.912512, 19.133395 ], [ 72.912332, 19.133462 ], [ 72.912282, 19.133345 ] ] } },
{ "type": "Feature", "properties": { "pipe_id": "P22", "node1": "J21", "node2": "J24", "length_m": 32.43, "diameter_mm": 40.0, "diameter_cad_mm": 40.0, "material": null, "diameter_from_cad": 1, "flow_lps": 0.062399998, "velocity_ms": 0.0497 }, "geometry": { "type": "LineString", "coordinates": [ [ 72.9125, 19.12476 ], [ 72.912499, 19.124774 ], [ 72.912621, 19.124771 ], [ 72.912616, 19.124935 ] ] } },
{ "type": "Feature", "properties": { "pipe_id": "P23", "node1": "J21", "node2": "J22", "length_m": 0.68, "diameter_mm": 40.0, "diameter_cad_mm": 40.0, "material": null, "diameter_from_cad": 1, "flow_lps": -0.129, "velocity_ms": 0.1026 }, "geometry": { "type": "LineString", "coordinates": [ [ 72.9125, 19.12476 ], [ 72.912501, 19.124754 ] ] } },
{ "type": "Feature", "properties": { "pipe_id": "P24", "node1": "J22", "node2": "J23", "length_m": 28.96, "diameter_mm": 40.0, "diameter_cad_mm": 40.0, "material": null, "diameter_from_cad": 1, "flow_lps": -0.3396, "velocity_ms": 0.2703 }, "geometry": { "type": "LineString", "coordinates": [ [ 72.912501, 19.124754 ], [ 72.912509, 19.124664 ], [ 72.91261, 19.124523 ] ] } },
{ "type": "Feature", "properties": { "pipe_id": "P25", "node1": "J23", "node2": "J30", "length_m": 86.71, "diameter_mm": 40.0, "diameter_cad_mm": 40.0, "material": null, "diameter_from_cad": 1, "flow_lps": -1.4189, "velocity_ms": 1.1291 }, "geometry": { "type": "LineString", "coordinates": [ [ 72.91261, 19.124523 ], [ 72.91295, 19.124516 ], [ 72.912943, 19.124452 ], [ 72.91299, 19.124844 ] ] } },
{ "type": "Feature", "properties": { "pipe_id": "P26", "node1": "J26", "node2": "J25", "length_m": 17.57, "diameter_mm": 100.0, "diameter_cad_mm": 100.0, "material": "UNK", "diameter_from_cad": 0, "flow_lps": 1.7716, "velocity_ms": 0.2256 }, "geometry": { "type": "LineString", "coordinates": [ [ 72.912697, 19.133345 ], [ 72.912541, 19.133403 ] ] } },
{ "type": "Feature", "properties": { "pipe_id": "P27", "node1": "J26", "node2": "J28", "length_m": 142.54, "diameter_mm": 50.0, "diameter_cad_mm": 50.0, "material": "UNK", "diameter_from_cad": 0, "flow_lps": 1.3784, "velocity_ms": 0.70200002 }, "geometry": { "type": "LineString", "coordinates": [ [ 72.912697, 19.133345 ], [ 72.912471, 19.133098 ], [ 72.912979, 19.132695 ], [ 72.912749, 19.132446 ] ] } },
{ "type": "Feature", "properties": { "pipe_id": "P28", "node1": "J68", "node2": "J26", "length_m": 429.58, "diameter_mm": 150.0, "diameter_cad_mm": 150.0, "material": null, "diameter_from_cad": 1, "flow_lps": 3.4516001, "velocity_ms": 0.1953 }, "geometry": { "type": "LineString", "coordinates": [ [ 72.914494, 19.136022 ], [ 72.914379, 19.135648 ], [ 72.914237, 19.135222 ], [ 72.914126, 19.135178 ], [ 72.913403, 19.13308 ], [ 72.913045, 19.133216 ], [ 72.912697, 19.133345 ] ] } },
{ "type": "Feature", "properties": { "pipe_id": "P29", "node1": "J27", "node2": "J32", "length_m": 82.48, "diameter_mm": 50.0, "diameter_cad_mm": 50.0, "material": "CI", "diameter_from_cad": 1, "flow_lps": -1.5772001, "velocity_ms": 0.80320001 }, "geometry": { "type": "LineString", "coordinates": [ [ 72.912694, 19.13588 ], [ 72.912732, 19.136069 ], [ 72.9133, 19.135954 ] ] } },
{ "type": "Feature", "properties": { "pipe_id": "P30", "node1": "J29", "node2": "J31", "length_m": 40.85, "diameter_mm": 100.0, "diameter_cad_mm": 100.0, "material": "UNK", "diameter_from_cad": 0, "flow_lps": -0.1478, "velocity_ms": 0.0188 }, "geometry": { "type": "LineString", "coordinates": [ [ 72.912967, 19.125349 ], [ 72.913091, 19.125382 ], [ 72.913265, 19.125565 ] ] } },
{ "type": "Feature", "properties": { "pipe_id": "P31", "node1": "J29", "node2": "J31", "length_m": 52.97, "diameter_mm": 100.0, "diameter_cad_mm": 100.0, "material": "UNK", "diameter_from_cad": 0, "flow_lps": -0.1287, "velocity_ms": 0.0164 }, "geometry": { "type": "LineString", "coordinates": [ [ 72.912967, 19.125349 ], [ 72.912988, 19.125564 ], [ 72.913265, 19.125565 ] ] } },
{ "type": "Feature", "properties": { "pipe_id": "P32", "node1": "J30", "node2": "J29", "length_m": 59.85, "diameter_mm": 40.0, "diameter_cad_mm": 40.0, "material": null, "diameter_from_cad": 1, "flow_lps": -0.1697, "velocity_ms": 0.13500001 }, "geometry": { "type": "LineString", "coordinates": [ [ 72.91299, 19.124844 ], [ 72.912921, 19.124893 ], [ 72.912967, 19.125349 ] ] } },
{ "type": "Feature", "properties": { "pipe_id": "P33", "node1": "J30", "node2": "J33", "length_m": 88.97, "diameter_mm": 100.0, "diameter_cad_mm": 100.0, "material": "UNK", "diameter_from_cad": 0, "flow_lps": -1.5106, "velocity_ms": 0.19230001 }, "geometry": { "type": "LineString", "coordinates": [ [ 72.91299, 19.124844 ], [ 72.913038, 19.125225 ], [ 72.913466, 19.125334 ] ] } },
{ "type": "Feature", "properties": { "pipe_id": "P34", "node1": "J31", "node2": "J42", "length_m": 290.1, "diameter_mm": 75.0, "diameter_cad_mm": 75.0, "material": "CI", "diameter_from_cad": 1, "flow_lps": -1.9723001, "velocity_ms": 0.44639999 }, "geometry": { "type": "LineString", "coordinates": [ [ 72.913265, 19.125565 ], [ 72.913391, 19.125698 ], [ 72.913406, 19.125715 ], [ 72.913501, 19.125865 ], [ 72.91354, 19.126051 ], [ 72.913585, 19.126302 ], [ 72.913638, 19.126582 ], [ 72.913654, 19.126662 ], [ 72.913748, 19.127183 ], [ 72.913888, 19.127922 ], [ 72.91389, 19.12793 ], [ 72.913892, 19.127938 ], [ 72.913895, 19.127946 ], [ 72.913899, 19.127953 ], [ 72.913903, 19.127961 ], [ 72.913907, 19.127968 ], [ 72.913912, 19.127975 ], [ 72.913918, 19.127981 ], [ 72.913923, 19.127987 ], [ 72.91393, 19.127993 ], [ 72.913937, 19.127998 ], [ 72.913944, 19.128003 ], [ 72.913951, 19.128007 ], [ 72.913959, 19.128011 ], [ 72.913967, 19.128015 ], [ 72.913997, 19.128022 ] ] } },
{ "type": "Feature", "properties": { "pipe_id": "P35", "node1": "J31", "node2": "J34", "length_m": 25.56, "diameter_mm": 250.0, "diameter_cad_mm": 250.0, "material": null, "diameter_from_cad": 1, "flow_lps": 1.6393, "velocity_ms": 0.0334 }, "geometry": { "type": "LineString", "coordinates": [ [ 72.913265, 19.125565 ], [ 72.913508, 19.125565 ] ] } },
{ "type": "Feature", "properties": { "pipe_id": "P36", "node1": "J32", "node2": "J66", "length_m": 122.14, "diameter_mm": 100.0, "diameter_cad_mm": 100.0, "material": "UNK", "diameter_from_cad": 0, "flow_lps": -5.1964998, "velocity_ms": 0.66159999 }, "geometry": { "type": "LineString", "coordinates": [ [ 72.9133, 19.135954 ], [ 72.914459, 19.13602 ] ] } },
{ "type": "Feature", "properties": { "pipe_id": "P37", "node1": "J94", "node2": "J32", "length_m": 273.8, "diameter_mm": 100.0, "diameter_cad_mm": 75.0, "material": null, "diameter_from_cad": 1, "flow_lps": 4.1441002, "velocity_ms": 0.52759999 }, "geometry": { "type": "LineString", "coordinates": [ [ 72.914749, 19.136946 ], [ 72.914095, 19.137075 ], [ 72.913898, 19.137076 ], [ 72.913268, 19.137002 ], [ 72.9133, 19.135954 ] ] } },
{ "type": "Feature", "properties": { "pipe_id": "P38", "node1": "J33", "node2": "J75", "length_m": 134.07, "diameter_mm": 250.0, "diameter_cad_mm": 250.0, "material": null, "diameter_from_cad": 1, "flow_lps": 0.50319999, "velocity_ms": 0.0103 }, "geometry": { "type": "LineString", "coordinates": [ [ 72.913466, 19.125334 ], [ 72.914028, 19.125376 ], [ 72.914258, 19.125346 ], [ 72.91457, 19.125214 ], [ 72.914656, 19.125185 ], [ 72.914699, 19.125196 ] ] } },
{ "type": "Feature", "properties": { "pipe_id": "P39", "node1": "J33", "node2": "J34", "length_m": 25.99, "diameter_mm": 250.0, "diameter_cad_mm": 250.0, "material": null, "diameter_from_cad": 1, "flow_lps": -2.2567, "velocity_ms": 0.046 }, "geometry": { "type": "LineString", "coordinates": [ [ 72.913466, 19.125334 ], [ 72.913508, 19.125565 ] ] } },
{ "type": "Feature", "properties": { "pipe_id": "P40", "node1": "J34", "node2": "J44", "length_m": 162.66, "diameter_mm": 50.0, "diameter_cad_mm": 50.0, "material": "CI", "diameter_from_cad": 1, "flow_lps": 0.0535, "velocity_ms": 0.0272 }, "geometry": { "type": "LineString", "coordinates": [ [ 72.913508, 19.125565 ], [ 72.913705, 19.126653 ], [ 72.914082, 19.126585 ] ] } },
{ "type": "Feature", "properties": { "pipe_id": "P41", "node1": "J34", "node2": "J45", "length_m": 132.27, "diameter_mm": 250.0, "diameter_cad_mm": 250.0, "material": null, "diameter_from_cad": 1, "flow_lps": -0.8222, "velocity_ms": 0.0168 }, "geometry": { "type": "LineString", "coordinates": [ [ 72.913508, 19.125565 ], [ 72.913919, 19.125566 ], [ 72.914096, 19.126352 ] ] } },
{ "type": "Feature", "properties": { "pipe_id": "P42", "node1": "J64", "node2": "J35", "length_m": 112.36, "diameter_mm": 50.0, "diameter_cad_mm": 50.0, "material": null, "diameter_from_cad": 1, "flow_lps": 0.91070002, "velocity_ms": 0.46380001 }, "geometry": { "type": "LineString", "coordinates": [ [ 72.91441, 19.13886 ], [ 72.914023, 19.138742 ], [ 72.913659, 19.138646 ], [ 72.913382, 19.138587 ] ] } },
{ "type": "Feature", "properties": { "pipe_id": "P43", "node1": "J36", "node2": "J82", "length_m": 330.5, "diameter_mm": 50.0, "diameter_cad_mm": 50.0, "material": null, "diameter_from_cad": 1, "flow_lps": -0.2199, "velocity_ms": 0.112 }, "geometry": { "type": "LineString", "coordinates": [ [ 72.913684, 19.13319 ], [ 72.913743, 19.133364 ], [ 72.913919, 19.133937 ], [ 72.913963, 19.134074 ], [ 72.91405, 19.134356 ], [ 72.914124, 19.134548 ], [ 72.914249, 19.135001 ], [ 72.914278, 19.13511 ], [ 72.914343, 19.135287 ], [ 72.914388, 19.135397 ], [ 72.914529, 19.135717 ], [ 72.914638, 19.136031 ] ] } },
{ "type": "Feature", "properties": { "pipe_id": "P44", "node1": "J37", "node2": "J42", "length_m": 46.73, "diameter_mm": 50.0, "diameter_cad_mm": 50.0, "material": "UNK", "diameter_from_cad": 0, "flow_lps": -0.083800003, "velocity_ms": 0.0427 }, "geometry": { "type": "LineString", "coordinates": [ [ 72.913794, 19.128397 ], [ 72.913997, 19.128022 ] ] } },
{ "type": "Feature", "properties": { "pipe_id": "P45", "node1": "J41", "node2": "J38", "length_m": 16.86, "diameter_mm": 50.0, "diameter_cad_mm": 50.0, "material": "GI", "diameter_from_cad": 1, "flow_lps": 0.090499997, "velocity_ms": 0.046100002 }, "geometry": { "type": "LineString", "coordinates": [ [ 72.913927, 19.133048 ], [ 72.913779, 19.133107 ] ] } },
{ "type": "Feature", "properties": { "pipe_id": "P46", "node1": "J39", "node2": "J41", "length_m": 7.02, "diameter_mm": 40.0, "diameter_cad_mm": 40.0, "material": null, "diameter_from_cad": 1, "flow_lps": -0.042300001, "velocity_ms": 0.0336 }, "geometry": { "type": "LineString", "coordinates": [ [ 72.913891, 19.133077 ], [ 72.913926, 19.133077 ], [ 72.913927, 19.133048 ] ] } },
{ "type": "Feature", "properties": { "pipe_id": "P47", "node1": "J40", "node2": "J189", "length_m": 484.93, "diameter_mm": 40.0, "diameter_cad_mm": 40.0, "material": null, "diameter_from_cad": 1, "flow_lps": -1.0326, "velocity_ms": 0.82169998 }, "geometry": { "type": "LineString", "coordinates": [ [ 72.913903, 19.133884 ], [ 72.91444, 19.133774 ], [ 72.914331, 19.133186 ], [ 72.914328, 19.133165 ], [ 72.914326, 19.133143 ], [ 72.914325, 19.133121 ], [ 72.914326, 19.1331 ], [ 72.914329, 19.133078 ], [ 72.914333, 19.133057 ], [ 72.914338, 19.133036 ], [ 72.914345, 19.133015 ], [ 72.914354, 19.132995 ], [ 72.914363, 19.132975 ], [ 72.914374, 19.132956 ], [ 72.914387, 19.132938 ], [ 72.9144, 19.13292 ], [ 72.914415, 19.132904 ], [ 72.914623, 19.132684 ], [ 72.914774, 19.132491 ], [ 72.914883, 19.132346 ], [ 72.915028, 19.132115 ], [ 72.915125, 19.131866 ], [ 72.915469, 19.131976 ], [ 72.915961, 19.132163 ], [ 72.916852, 19.132312 ] ] } },
{ "type": "Feature", "properties": { "pipe_id": "P48", "node1": "J120", "node2": "J41", "length_m": 315.7, "diameter_mm": 100.0, "diameter_cad_mm": 100.0, "material": "UNK", "diameter_from_cad": 0, "flow_lps": 0.84280002, "velocity_ms": 0.1073 }, "geometry": { "type": "LineString", "coordinates": [ [ 72.915229, 19.130703 ], [ 72.915214, 19.130906 ], [ 72.915201, 19.131144 ], [ 72.915165, 19.131423 ], [ 72.915146, 19.131549 ], [ 72.915079, 19.131876 ], [ 72.91493, 19.13217 ], [ 72.914771, 19.132417 ], [ 72.914614, 19.132645 ], [ 72.914354, 19.132876 ], [ 72.91402, 19.13301 ], [ 72.913927, 19.133048 ] ] } },
{ "type": "Feature", "properties": { "pipe_id": "P49", "node1": "J42", "node2": "J59", "length_m": 45.25, "diameter_mm": 100.0, "diameter_cad_mm": 100.0, "material": "UNK", "diameter_from_cad": 0, "flow_lps": -2.4518001, "velocity_ms": 0.31220001 }, "geometry": { "type": "LineString", "coordinates": [ [ 72.913997, 19.128022 ], [ 72.914381, 19.128108 ], [ 72.914411, 19.128126 ] ] } },
{ "type": "Feature", "properties": { "pipe_id": "P50", "node1": "J42", "node2": "J56", "length_m": 50.43, "diameter_mm": 100.0, "diameter_cad_mm": 100.0, "material": "UNK", "diameter_from_cad": 0, "flow_lps": 0.3127, "velocity_ms": 0.0398 }, "geometry": { "type": "LineString", "coordinates": [ [ 72.913997, 19.128022 ], [ 72.914273, 19.127791 ], [ 72.914385, 19.127787 ] ] } },
{ "type": "Feature", "properties": { "pipe_id": "P51", "node1": "J48", "node2": "J43", "length_m": 18.47, "diameter_mm": 50.0, "diameter_cad_mm": 50.0, "material": "CI", "diameter_from_cad": 1, "flow_lps": 0.0513, "velocity_ms": 0.0261 }, "geometry": { "type": "LineString", "coordinates": [ [ 72.914205, 19.126831 ], [ 72.914032, 19.126861 ] ] } },
{ "type": "Feature", "properties": { "pipe_id": "P52", "node1": "J45", "node2": "J48", "length_m": 54.24, "diameter_mm": 40.0, "diameter_cad_mm": 40.0, "material": null, "diameter_from_cad": 1, "flow_lps": -1.0072, "velocity_ms": 0.80150002 }, "geometry": { "type": "LineString", "coordinates": [ [ 72.914096, 19.126352 ], [ 72.91415, 19.126589 ], [ 72.914205, 19.126831 ] ] } },
{ "type": "Feature", "properties": { "pipe_id": "P53", "node1": "J45", "node2": "J49", "length_m": 16.54, "diameter_mm": 40.0, "diameter_cad_mm": 40.0, "material": null, "diameter_from_cad": 1, "flow_lps": 0.0946, "velocity_ms": 0.075300001 }, "geometry": { "type": "LineString", "coordinates": [ [ 72.914096, 19.126352 ], [ 72.91425, 19.126322 ] ] } },
{ "type": "Feature", "properties": { "pipe_id": "P54", "node1": "J123", "node2": "J46", "length_m": 126.95, "diameter_mm": 50.0, "diameter_cad_mm": 50.0, "material": "UNK", "diameter_from_cad": 0, "flow_lps": 0.36520001, "velocity_ms": 0.186 }, "geometry": { "type": "LineString", "coordinates": [ [ 72.915266, 19.129522 ], [ 72.91473, 19.12951 ], [ 72.914472, 19.129528 ], [ 72.914062, 19.129551 ] ] } },
{ "type": "Feature", "properties": { "pipe_id": "P55", "node1": "J52", "node2": "J47", "length_m": 17.8, "diameter_mm": 50.0, "diameter_cad_mm": 50.0, "material": "UNK", "diameter_from_cad": 0, "flow_lps": 0.085500002, "velocity_ms": 0.0435 }, "geometry": { "type": "LineString", "coordinates": [ [ 72.914308, 19.127282 ], [ 72.914141, 19.127309 ] ] } },
{ "type": "Feature", "properties": { "pipe_id": "P56", "node1": "J48", "node2": "J52", "length_m": 51.11, "diameter_mm": 100.0, "diameter_cad_mm": 100.0, "material": "UNK", "diameter_from_cad": 0, "flow_lps": -1.1338, "velocity_ms": 0.1444 }, "geometry": { "type": "LineString", "coordinates": [ [ 72.914205, 19.126831 ], [ 72.914308, 19.127282 ] ] } },
{ "type": "Feature", "properties": { "pipe_id": "P57", "node1": "J51", "node2": "J50", "length_m": 86.14, "diameter_mm": 50.0, "diameter_cad_mm": 50.0, "material": "UNK", "diameter_from_cad": 0, "flow_lps": 0.90060002, "velocity_ms": 0.4587 }, "geometry": { "type": "LineString", "coordinates": [ [ 72.914247, 19.130327 ], [ 72.914221, 19.131104 ] ] } },
{ "type": "Feature", "properties": { "pipe_id": "P58", "node1": "J122", "node2": "J51", "length_m": 105.44, "diameter_mm": 100.0, "diameter_cad_mm": 100.0, "material": "UNK", "diameter_from_cad": 0, "flow_lps": 1.454, "velocity_ms": 0.1851 }, "geometry": { "type": "LineString", "coordinates": [ [ 72.915245, 19.130409 ], [ 72.914247, 19.130327 ] ] } },
{ "type": "Feature", "properties": { "pipe_id": "P59", "node1": "J51", "node2": "J55", "length_m": 39.9, "diameter_mm": 50.0, "diameter_cad_mm": 50.0, "material": "UNK", "diameter_from_cad": 0, "flow_lps": 0.218, "velocity_ms": 0.111 }, "geometry": { "type": "LineString", "coordinates": [ [ 72.914247, 19.130327 ], [ 72.914294, 19.130257 ], [ 72.914333, 19.129982 ] ] } },
{ "type": "Feature", "properties": { "pipe_id": "P60", "node1": "J52", "node2": "J56", "length_m": 56.64, "diameter_mm": 100.0, "diameter_cad_mm": 100.0, "material": "UNK", "diameter_from_cad": 0, "flow_lps": -1.3846999, "velocity_ms": 0.1763 }, "geometry": { "type": "LineString", "coordinates": [ [ 72.914308, 19.127282 ], [ 72.914366, 19.127537 ], [ 72.914385, 19.127787 ] ] } },
{ "type": "Feature", "properties": { "pipe_id": "P61", "node1": "J52", "node2": "J67", "length_m": 50.63, "diameter_mm": 50.0, "diameter_cad_mm": 50.0, "material": "UNK", "diameter_from_cad": 0, "flow_lps": 0.1054, "velocity_ms": 0.0537 }, "geometry": { "type": "LineString", "coordinates": [ [ 72.914308, 19.127282 ], [ 72.91427, 19.127116 ], [ 72.914572, 19.127123 ] ] } },
{ "type": "Feature", "properties": { "pipe_id": "P62", "node1": "J53", "node2": "J119", "length_m": 117.7, "diameter_mm": 50.0, "diameter_cad_mm": 50.0, "material": "CI", "diameter_from_cad": 1, "flow_lps": -0.26429999, "velocity_ms": 0.1346 }, "geometry": { "type": "LineString", "coordinates": [ [ 72.914306, 19.128499 ], [ 72.914454, 19.128617 ], [ 72.915209, 19.128546 ], [ 72.915219, 19.128388 ] ] } },
{ "type": "Feature", "properties": { "pipe_id": "P63", "node1": "J54", "node2": "J88", "length_m": 133.84, "diameter_mm": 50.0, "diameter_cad_mm": 50.0, "material": "UNK", "diameter_from_cad": 0, "flow_lps": -0.1682, "velocity_ms": 0.085600004 }, "geometry": { "type": "LineString", "coordinates": [ [ 72.914381, 19.125808 ], [ 72.91431, 19.125325 ], [ 72.914596, 19.125206 ], [ 72.914754, 19.125427 ], [ 72.914824, 19.125569 ] ] } },
{ "type": "Feature", "properties": { "pipe_id": "P64", "node1": "J56", "node2": "J59", "length_m": 37.64, "diameter_mm": 75.0, "diameter_cad_mm": 75.0, "material": "CI", "diameter_from_cad": 1, "flow_lps": -1.1705, "velocity_ms": 0.2649 }, "geometry": { "type": "LineString", "coordinates": [ [ 72.914385, 19.127787 ], [ 72.914411, 19.128126 ] ] } },
{ "type": "Feature", "properties": { "pipe_id": "P65", "node1": "J74", "node2": "J57", "length_m": 27.92, "diameter_mm": 50.0, "diameter_cad_mm": 50.0, "material": null, "diameter_from_cad": 1, "flow_lps": 0.25049999, "velocity_ms": 0.1276 }, "geometry": { "type": "LineString", "coordinates": [ [ 72.914514, 19.138564 ], [ 72.914253, 19.138519 ] ] } },
{ "type": "Feature", "properties": { "pipe_id": "P66", "node1": "J58", "node2": "J64", "length_m": 33.88, "diameter_mm": 50.0, "diameter_cad_mm": 50.0, "material": null, "diameter_from_cad": 1, "flow_lps": -0.0831, "velocity_ms": 0.042300001 }, "geometry": { "type": "LineString", "coordinates": [ [ 72.914261, 19.13907 ], [ 72.914275, 19.139025 ], [ 72.91434, 19.139043 ], [ 72.91441, 19.13886 ] ] } },
{ "type": "Feature", "properties": { "pipe_id": "P67", "node1": "J59", "node2": "J119", "length_m": 100.14, "diameter_mm": 100.0, "diameter_cad_mm": 75.0, "material": "CI", "diameter_from_cad": 1, "flow_lps": 4.6834002, "velocity_ms": 0.59630001 }, "geometry": { "type": "LineString", "coordinates": [ [ 72.914411, 19.128126 ], [ 72.91454, 19.128205 ], [ 72.914756, 19.1283 ], [ 72.915222, 19.128299 ], [ 72.915219, 19.128388 ] ] } },
{ "type": "Feature", "properties": { "pipe_id": "P68", "node1": "J59", "node2": "J119", "length_m": 116.15, "diameter_mm": 75.0, "diameter_cad_mm": 75.0, "material": "CI", "diameter_from_cad": 1, "flow_lps": 2.0285001, "velocity_ms": 0.45919999 }, "geometry": { "type": "LineString", "coordinates": [ [ 72.914411, 19.128126 ], [ 72.914434, 19.128427 ], [ 72.915219, 19.128388 ] ] } },
{ "type": "Feature", "properties": { "pipe_id": "P69", "node1": "J59", "node2": "J90", "length_m": 49.22, "diameter_mm": 100.0, "diameter_cad_mm": 75.0, "material": "CI", "diameter_from_cad": 1, "flow_lps": -10.4044, "velocity_ms": 1.3247 }, "geometry": { "type": "LineString", "coordinates": [ [ 72.914411, 19.128126 ], [ 72.91441, 19.128114 ], [ 72.914642, 19.128178 ], [ 72.914649, 19.128156 ], [ 72.914831, 19.128206 ] ] } },
{ "type": "Feature", "properties": { "pipe_id": "P70", "node1": "J60", "node2": "J71", "length_m": 19.11, "diameter_mm": 50.0, "diameter_cad_mm": 50.0, "material": "UNK", "diameter_from_cad": 0, "flow_lps": -0.0044, "velocity_ms": 0.0022 }, "geometry": { "type": "LineString", "coordinates": [ [ 72.914294, 19.139061 ], [ 72.914422, 19.139089 ], [ 72.914471, 19.1391 ] ] } },
{ "type": "Feature", "properties": { "pipe_id": "P71", "node1": "J61", "node2": "J65", "length_m": 24.34, "diameter_mm": 50.0, "diameter_cad_mm": 50.0, "material": null, "diameter_from_cad": 1, "flow_lps": -0.0107, "velocity_ms": 0.0055 }, "geometry": { "type": "LineString", "coordinates": [ [ 72.914354, 19.139074 ], [ 72.91442, 19.138863 ] ] } },
{ "type": "Feature", "properties": { "pipe_id": "P72", "node1": "J62", "node2": "J71", "length_m": 48.72, "diameter_mm": 50.0, "diameter_cad_mm": 50.0, "material": "UNK", "diameter_from_cad": 0, "flow_lps": -0.40439999, "velocity_ms": 0.206 }, "geometry": { "type": "LineString", "coordinates": [ [ 72.914349, 19.139524 ], [ 72.914471, 19.1391 ] ] } },
{ "type": "Feature", "properties": { "pipe_id": "P73", "node1": "J73", "node2": "J63", "length_m": 12.22, "diameter_mm": 50.0, "diameter_cad_mm": 50.0, "material": "UNK", "diameter_from_cad": 0, "flow_lps": 0.0086, "velocity_ms": 0.0044 }, "geometry": { "type": "LineString", "coordinates": [ [ 72.914493, 19.139024 ], [ 72.91438, 19.138996 ] ] } },
{ "type": "Feature", "properties": { "pipe_id": "P74", "node1": "J65", "node2": "J64", "length_m": 1.17, "diameter_mm": 50.0, "diameter_cad_mm": 50.0, "material": null, "diameter_from_cad": 1, "flow_lps": 0.45629999, "velocity_ms": 0.2324 }, "geometry": { "type": "LineString", "coordinates": [ [ 72.91442, 19.138863 ], [ 72.91441, 19.13886 ] ] } },
{ "type": "Feature", "properties": { "pipe_id": "P75", "node1": "J64", "node2": "J74", "length_m": 34.61, "diameter_mm": 50.0, "diameter_cad_mm": 50.0, "material": null, "diameter_from_cad": 1, "flow_lps": -0.56449997, "velocity_ms": 0.28749999 }, "geometry": { "type": "LineString", "coordinates": [ [ 72.91441, 19.13886 ], [ 72.914467, 19.138711 ], [ 72.914514, 19.138564 ] ] } },
{ "type": "Feature", "properties": { "pipe_id": "P76", "node1": "J76", "node2": "J65", "length_m": 12.01, "diameter_mm": 50.0, "diameter_cad_mm": 50.0, "material": null, "diameter_from_cad": 1, "flow_lps": -0.083800003, "velocity_ms": 0.0427 }, "geometry": { "type": "LineString", "coordinates": [ [ 72.914529, 19.138896 ], [ 72.91442, 19.138863 ] ] } },
{ "type": "Feature", "properties": { "pipe_id": "P77", "node1": "J65", "node2": "J74", "length_m": 34.6, "diameter_mm": 50.0, "diameter_cad_mm": 50.0, "material": null, "diameter_from_cad": 1, "flow_lps": -0.55760002, "velocity_ms": 0.28400001 }, "geometry": { "type": "LineString", "coordinates": [ [ 72.91442, 19.138863 ], [ 72.914514, 19.138564 ] ] } },
{ "type": "Feature", "properties": { "pipe_id": "P78", "node1": "J66", "node2": "J68", "length_m": 3.68, "diameter_mm": 100.0, "diameter_cad_mm": 100.0, "material": "UNK", "diameter_from_cad": 0, "flow_lps": -3.0806, "velocity_ms": 0.39219999 }, "geometry": { "type": "LineString", "coordinates": [ [ 72.914459, 19.13602 ], [ 72.914494, 19.136022 ] ] } },
{ "type": "Feature", "properties": { "pipe_id": "P79", "node1": "J70", "node2": "J66", "length_m": 6.95, "diameter_mm": 100.0, "diameter_cad_mm": 100.0, "material": "UNK", "diameter_from_cad": 0, "flow_lps": 2.3540001, "velocity_ms": 0.29969999 }, "geometry": { "type": "LineString", "coordinates": [ [ 72.914501, 19.136044 ], [ 72.914459, 19.136043 ], [ 72.914459, 19.13602 ] ] } },
{ "type": "Feature", "properties": { "pipe_id": "P80", "node1": "J68", "node2": "J82", "length_m": 15.2, "diameter_mm": 100.0, "diameter_cad_mm": 100.0, "material": "UNK", "diameter_from_cad": 0, "flow_lps": -5.1884999, "velocity_ms": 0.66060001 }, "geometry": { "type": "LineString", "coordinates": [ [ 72.914494, 19.136022 ], [ 72.914638, 19.136031 ] ] } },
{ "type": "Feature", "properties": { "pipe_id": "P81", "node1": "J70", "node2": "J68", "length_m": 2.49, "diameter_mm": 100.0, "diameter_cad_mm": 100.0, "material": "UNK", "diameter_from_cad": 0, "flow_lps": 1.3536, "velocity_ms": 0.1723 }, "geometry": { "type": "LineString", "coordinates": [ [ 72.914501, 19.136044 ], [ 72.914494, 19.136022 ] ] } },
{ "type": "Feature", "properties": { "pipe_id": "P82", "node1": "J75", "node2": "J69", "length_m": 11.69, "diameter_mm": 50.0, "diameter_cad_mm": 50.0, "material": "UNK", "diameter_from_cad": 0, "flow_lps": 0.2448, "velocity_ms": 0.1247 }, "geometry": { "type": "LineString", "coordinates": [ [ 72.914699, 19.125196 ], [ 72.914635, 19.12511 ] ] } },
{ "type": "Feature", "properties": { "pipe_id": "P83", "node1": "J94", "node2": "J70", "length_m": 103.34, "diameter_mm": 100.0, "diameter_cad_mm": 100.0, "material": "UNK", "diameter_from_cad": 0, "flow_lps": 3.7441001, "velocity_ms": 0.47670001 }, "geometry": { "type": "LineString", "coordinates": [ [ 72.914749, 19.136946 ], [ 72.914723, 19.136784 ], [ 72.914642, 19.136511 ], [ 72.914537, 19.136161 ], [ 72.914501, 19.136044 ] ] } },
{ "type": "Feature", "properties": { "pipe_id": "P84", "node1": "J71", "node2": "J73", "length_m": 35.95, "diameter_mm": 100.0, "diameter_cad_mm": 100.0, "material": "UNK", "diameter_from_cad": 0, "flow_lps": -0.16779999, "velocity_ms": 0.021400001 }, "geometry": { "type": "LineString", "coordinates": [ [ 72.914471, 19.1391 ], [ 72.914615, 19.139132 ], [ 72.914626, 19.139107 ], [ 72.914563, 19.139042 ], [ 72.914493, 19.139024 ] ] } },
{ "type": "Feature", "properties": { "pipe_id": "P85", "node1": "J71", "node2": "J73", "length_m": 8.64, "diameter_mm": 100.0, "diameter_cad_mm": 100.0, "material": "UNK", "diameter_from_cad": 0, "flow_lps": -0.3558, "velocity_ms": 0.0453 }, "geometry": { "type": "LineString", "coordinates": [ [ 72.914471, 19.1391 ], [ 72.914493, 19.139024 ] ] } },
{ "type": "Feature", "properties": { "pipe_id": "P86", "node1": "J88", "node2": "J72", "length_m": 19.35, "diameter_mm": 50.0, "diameter_cad_mm": 50.0, "material": "UNK", "diameter_from_cad": 0, "flow_lps": 0.060800001, "velocity_ms": 0.031 }, "geometry": { "type": "LineString", "coordinates": [ [ 72.914824, 19.125569 ], [ 72.914645, 19.12561 ] ] } },
{ "type": "Feature", "properties": { "pipe_id": "P87", "node1": "J73", "node2": "J105", "length_m": 172.29, "diameter_mm": 300.0, "diameter_cad_mm": 300.0, "material": "CI", "diameter_from_cad": 1, "flow_lps": 51.882301, "velocity_ms": 0.73400003 }, "geometry": { "type": "LineString", "coordinates": [ [ 72.914493, 19.139024 ], [ 72.914925, 19.137523 ] ] } },
{ "type": "Feature", "properties": { "pipe_id": "P88", "node1": "J84", "node2": "J74", "length_m": 11.31, "diameter_mm": 50.0, "diameter_cad_mm": 50.0, "material": "CI", "diameter_from_cad": 1, "flow_lps": -0.088100001, "velocity_ms": 0.0449 }, "geometry": { "type": "LineString", "coordinates": [ [ 72.91462, 19.138582 ], [ 72.914514, 19.138564 ] ] } },
{ "type": "Feature", "properties": { "pipe_id": "P89", "node1": "J74", "node2": "J77", "length_m": 21.38, "diameter_mm": 300.0, "diameter_cad_mm": 300.0, "material": "CI", "diameter_from_cad": 1, "flow_lps": -0.70480001, "velocity_ms": 0.01 }, "geometry": { "type": "LineString", "coordinates": [ [ 72.914514, 19.138564 ], [ 72.914569, 19.138378 ] ] } },
{ "type": "Feature", "properties": { "pipe_id": "P90", "node1": "J74", "node2": "J78", "length_m": 21.43, "diameter_mm": 300.0, "diameter_cad_mm": 300.0, "material": "CI", "diameter_from_cad": 1, "flow_lps": -0.77880001, "velocity_ms": 0.011 }, "geometry": { "type": "LineString", "coordinates": [ [ 72.914514, 19.138564 ], [ 72.914574, 19.138379 ] ] } },
{ "type": "Feature", "properties": { "pipe_id": "P91", "node1": "J75", "node2": "J79", "length_m": 5.31, "diameter_mm": 100.0, "diameter_cad_mm": 100.0, "material": "UNK", "diameter_from_cad": 0, "flow_lps": 0.235, "velocity_ms": 0.0299 }, "geometry": { "type": "LineString", "coordinates": [ [ 72.914699, 19.125196 ], [ 72.914748, 19.125209 ] ] } },
{ "type": "Feature", "properties": { "pipe_id": "P92", "node1": "J78", "node2": "J77", "length_m": 0.52, "diameter_mm": 300.0, "diameter_cad_mm": 300.0, "material": "CI", "diameter_from_cad": 1, "flow_lps": 2.2342999, "velocity_ms": 0.031599998 }, "geometry": { "type": "LineString", "coordinates": [ [ 72.914574, 19.138379 ], [ 72.914569, 19.138378 ] ] } },
{ "type": "Feature", "properties": { "pipe_id": "P93", "node1": "J77", "node2": "J100", "length_m": 97.88, "diameter_mm": 150.0, "diameter_cad_mm": 150.0, "material": null, "diameter_from_cad": 1, "flow_lps": 1.4305, "velocity_ms": 0.0809 }, "geometry": { "type": "LineString", "coordinates": [ [ 72.914569, 19.138378 ], [ 72.914831, 19.13753 ] ] } },
{ "type": "Feature", "properties": { "pipe_id": "P94", "node1": "J89", "node2": "J78", "length_m": 10.56, "diameter_mm": 50.0, "diameter_cad_mm": 50.0, "material": "CI", "diameter_from_cad": 1, "flow_lps": -0.1728, "velocity_ms": 0.088 }, "geometry": { "type": "LineString", "coordinates": [ [ 72.914673, 19.138396 ], [ 72.914574, 19.138379 ] ] } },
{ "type": "Feature", "properties": { "pipe_id": "P95", "node1": "J78", "node2": "J105", "length_m": 106.46, "diameter_mm": 150.0, "diameter_cad_mm": 150.0, "material": null, "diameter_from_cad": 1, "flow_lps": -3.1996, "velocity_ms": 0.1811 }, "geometry": { "type": "LineString", "coordinates": [ [ 72.914574, 19.138379 ], [ 72.914842, 19.137534 ], [ 72.914925, 19.137523 ] ] } },
{ "type": "Feature", "properties": { "pipe_id": "P96", "node1": "J79", "node2": "J125", "length_m": 110.71, "diameter_mm": 40.0, "diameter_cad_mm": 40.0, "material": null, "diameter_from_cad": 1, "flow_lps": 0.1446, "velocity_ms": 0.115 }, "geometry": { "type": "LineString", "coordinates": [ [ 72.914748, 19.125209 ], [ 72.914857, 19.125355 ], [ 72.914969, 19.125419 ], [ 72.915021, 19.125437 ], [ 72.915136, 19.125276 ], [ 72.915152, 19.125051 ], [ 72.915153, 19.125048 ], [ 72.915153, 19.125044 ], [ 72.915154, 19.125041 ], [ 72.915155, 19.125038 ], [ 72.915156, 19.125034 ], [ 72.915158, 19.125031 ], [ 72.91516, 19.125028 ], [ 72.915162, 19.125025 ], [ 72.915164, 19.125023 ], [ 72.915166, 19.12502 ], [ 72.915169, 19.125017 ], [ 72.915172, 19.125015 ], [ 72.915174, 19.125013 ], [ 72.915177, 19.125011 ], [ 72.915181, 19.125009 ], [ 72.915184, 19.125008 ], [ 72.915187, 19.125006 ], [ 72.915191, 19.125005 ], [ 72.915194, 19.125004 ], [ 72.915198, 19.125004 ], [ 72.915353, 19.125048 ] ] } },
{ "type": "Feature", "properties": { "pipe_id": "P97", "node1": "J79", "node2": "J80", "length_m": 7.07, "diameter_mm": 50.0, "diameter_cad_mm": 50.0, "material": "UNK", "diameter_from_cad": 0, "flow_lps": 0.058400001, "velocity_ms": 0.0297 }, "geometry": { "type": "LineString", "coordinates": [ [ 72.914748, 19.125209 ], [ 72.914759, 19.125146 ] ] } },
{ "type": "Feature", "properties": { "pipe_id": "P98", "node1": "J98", "node2": "J81", "length_m": 20.83, "diameter_mm": 50.0, "diameter_cad_mm": 50.0, "material": "UNK", "diameter_from_cad": 0, "flow_lps": 0.0449, "velocity_ms": 0.0229 }, "geometry": { "type": "LineString", "coordinates": [ [ 72.914924, 19.125771 ], [ 72.914761, 19.125878 ] ] } },
{ "type": "Feature", "properties": { "pipe_id": "P99", "node1": "J82", "node2": "J87", "length_m": 19.67, "diameter_mm": 100.0, "diameter_cad_mm": 100.0, "material": "UNK", "diameter_from_cad": 0, "flow_lps": -1.9459, "velocity_ms": 0.24779999 }, "geometry": { "type": "LineString", "coordinates": [ [ 72.914638, 19.136031 ], [ 72.914685, 19.136033 ], [ 72.914685, 19.136167 ] ] } },
{ "type": "Feature", "properties": { "pipe_id": "P100", "node1": "J82", "node2": "J87", "length_m": 15.87, "diameter_mm": 100.0, "diameter_cad_mm": 100.0, "material": "UNK", "diameter_from_cad": 0, "flow_lps": -2.1849999, "velocity_ms": 0.2782 }, "geometry": { "type": "LineString", "coordinates": [ [ 72.914638, 19.136031 ], [ 72.914685, 19.136167 ] ] } },
{ "type": "Feature", "properties": { "pipe_id": "P101", "node1": "J91", "node2": "J82", "length_m": 11.3, "diameter_mm": 100.0, "diameter_cad_mm": 100.0, "material": "UNK", "diameter_from_cad": 0, "flow_lps": 1.2905999, "velocity_ms": 0.16429999 }, "geometry": { "type": "LineString", "coordinates": [ [ 72.91474, 19.135999 ], [ 72.914638, 19.136031 ] ] } },
{ "type": "Feature", "properties": { "pipe_id": "P102", "node1": "J91", "node2": "J83", "length_m": 49.5, "diameter_mm": 50.0, "diameter_cad_mm": 50.0, "material": "UNK", "diameter_from_cad": 0, "flow_lps": 0.5729, "velocity_ms": 0.29179999 }, "geometry": { "type": "LineString", "coordinates": [ [ 72.91474, 19.135999 ], [ 72.914668, 19.135794 ], [ 72.914655, 19.135743 ], [ 72.914604, 19.135631 ], [ 72.914654, 19.1356 ] ] } },
{ "type": "Feature", "properties": { "pipe_id": "P103", "node1": "J85", "node2": "J90", "length_m": 23.28, "diameter_mm": 50.0, "diameter_cad_mm": 50.0, "material": "CI", "diameter_from_cad": 1, "flow_lps": -0.062, "velocity_ms": 0.031599998 }, "geometry": { "type": "LineString", "coordinates": [ [ 72.914766, 19.128045 ], [ 72.914863, 19.128118 ], [ 72.914831, 19.128206 ] ] } },
{ "type": "Feature", "properties": { "pipe_id": "P104", "node1": "J86", "node2": "J95", "length_m": 10.83, "diameter_mm": 50.0, "diameter_cad_mm": 50.0, "material": "UNK", "diameter_from_cad": 0, "flow_lps": -0.005, "velocity_ms": 0.0026 }, "geometry": { "type": "LineString", "coordinates": [ [ 72.914685, 19.136149 ], [ 72.914786, 19.136128 ] ] } },
{ "type": "Feature", "properties": { "pipe_id": "P105", "node1": "J87", "node2": "J101", "length_m": 85.86, "diameter_mm": 100.0, "diameter_cad_mm": 100.0, "material": "UNK", "diameter_from_cad": 0, "flow_lps": -3.2218001, "velocity_ms": 0.4102 }, "geometry": { "type": "LineString", "coordinates": [ [ 72.914685, 19.136167 ], [ 72.914808, 19.136733 ], [ 72.914841, 19.136928 ] ] } },
{ "type": "Feature", "properties": { "pipe_id": "P106", "node1": "J87", "node2": "J97", "length_m": 11.47, "diameter_mm": 100.0, "diameter_cad_mm": 100.0, "material": "UNK", "diameter_from_cad": 0, "flow_lps": -0.95700002, "velocity_ms": 0.1219 }, "geometry": { "type": "LineString", "coordinates": [ [ 72.914685, 19.136167 ], [ 72.914792, 19.136146 ] ] } },
{ "type": "Feature", "properties": { "pipe_id": "P107", "node1": "J88", "node2": "J98", "length_m": 24.79, "diameter_mm": 100.0, "diameter_cad_mm": 100.0, "material": "UNK", "diameter_from_cad": 0, "flow_lps": -0.29190001, "velocity_ms": 0.0372 }, "geometry": { "type": "LineString", "coordinates": [ [ 72.914824, 19.125569 ], [ 72.914924, 19.125771 ] ] } },
{ "type": "Feature", "properties": { "pipe_id": "P108", "node1": "J121", "node2": "J90", "length_m": 46.81, "diameter_mm": 100.0, "diameter_cad_mm": 75.0, "material": "CI", "diameter_from_cad": 1, "flow_lps": 11.547, "velocity_ms": 1.4701999 }, "geometry": { "type": "LineString", "coordinates": [ [ 72.915269, 19.128282 ], [ 72.914831, 19.128206 ] ] } },
{ "type": "Feature", "properties": { "pipe_id": "P109", "node1": "J90", "node2": "J104", "length_m": 63.02, "diameter_mm": 75.0, "diameter_cad_mm": 75.0, "material": "CI", "diameter_from_cad": 1, "flow_lps": 0.98890001, "velocity_ms": 0.2238 }, "geometry": { "type": "LineString", "coordinates": [ [ 72.914831, 19.128206 ], [ 72.914984, 19.127781 ], [ 72.915007, 19.127663 ] ] } },
{ "type": "Feature", "properties": { "pipe_id": "P110", "node1": "J95", "node2": "J91", "length_m": 15.13, "diameter_mm": 100.0, "diameter_cad_mm": 100.0, "material": "UNK", "diameter_from_cad": 0, "flow_lps": 1.9597, "velocity_ms": 0.24950001 }, "geometry": { "type": "LineString", "coordinates": [ [ 72.914786, 19.136128 ], [ 72.91474, 19.135999 ] ] } },
{ "type": "Feature", "properties": { "pipe_id": "P111", "node1": "J91", "node2": "J99", "length_m": 9.86, "diameter_mm": 50.0, "diameter_cad_mm": 50.0, "material": "UNK", "diameter_from_cad": 0, "flow_lps": 0.083700001, "velocity_ms": 0.042599998 }, "geometry": { "type": "LineString", "coordinates": [ [ 72.91474, 19.135999 ], [ 72.914827, 19.135964 ] ] } },
{ "type": "Feature", "properties": { "pipe_id": "P112", "node1": "J92", "node2": "J112", "length_m": 39.3, "diameter_mm": 50.0, "diameter_cad_mm": 50.0, "material": "UNK", "diameter_from_cad": 0, "flow_lps": -0.056400001, "velocity_ms": 0.0287 }, "geometry": { "type": "LineString", "coordinates": [ [ 72.914876, 19.126121 ], [ 72.915046, 19.126015 ], [ 72.915126, 19.126156 ] ] } },
{ "type": "Feature", "properties": { "pipe_id": "P113", "node1": "J104", "node2": "J93", "length_m": 16.34, "diameter_mm": 50.0, "diameter_cad_mm": 50.0, "material": "UNK", "diameter_from_cad": 0, "flow_lps": 0.0647, "velocity_ms": 0.033 }, "geometry": { "type": "LineString", "coordinates": [ [ 72.915007, 19.127663 ], [ 72.914865, 19.127603 ] ] } },
{ "type": "Feature", "properties": { "pipe_id": "P114", "node1": "J100", "node2": "J94", "length_m": 65.3, "diameter_mm": 150.0, "diameter_cad_mm": 100.0, "material": "UNK", "diameter_from_cad": 0, "flow_lps": 10.8818, "velocity_ms": 0.61580002 }, "geometry": { "type": "LineString", "coordinates": [ [ 72.914831, 19.13753 ], [ 72.914825, 19.137384 ], [ 72.914784, 19.137183 ], [ 72.914762, 19.137021 ], [ 72.914749, 19.136946 ] ] } },
{ "type": "Feature", "properties": { "pipe_id": "P115", "node1": "J101", "node2": "J94", "length_m": 9.88, "diameter_mm": 100.0, "diameter_cad_mm": 100.0, "material": "UNK", "diameter_from_cad": 0, "flow_lps": -2.6041, "velocity_ms": 0.33160001 }, "geometry": { "type": "LineString", "coordinates": [ [ 72.914841, 19.136928 ], [ 72.914749, 19.136946 ] ] } },
{ "type": "Feature", "properties": { "pipe_id": "P116", "node1": "J97", "node2": "J95", "length_m": 2.09, "diameter_mm": 100.0, "diameter_cad_mm": 100.0, "material": "UNK", "diameter_from_cad": 0, "flow_lps": 1.971, "velocity_ms": 0.251 }, "geometry": { "type": "LineString", "coordinates": [ [ 72.914792, 19.136146 ], [ 72.914786, 19.136128 ] ] } },
{ "type": "Feature", "properties": { "pipe_id": "P117", "node1": "J112", "node2": "J96", "length_m": 36.29, "diameter_mm": 50.0, "diameter_cad_mm": 50.0, "material": "UNK", "diameter_from_cad": 0, "flow_lps": 0.1121, "velocity_ms": 0.057100002 }, "geometry": { "type": "LineString", "coordinates": [ [ 72.915126, 19.126156 ], [ 72.91491, 19.126411 ] ] } },
{ "type": "Feature", "properties": { "pipe_id": "P118", "node1": "J97", "node2": "J102", "length_m": 22.59, "diameter_mm": 100.0, "diameter_cad_mm": 100.0, "material": "UNK", "diameter_from_cad": 0, "flow_lps": -1.5566, "velocity_ms": 0.1982 }, "geometry": { "type": "LineString", "coordinates": [ [ 72.914792, 19.136146 ], [ 72.914862, 19.136339 ] ] } },
{ "type": "Feature", "properties": { "pipe_id": "P119", "node1": "J102", "node2": "J97", "length_m": 22.59, "diameter_mm": 100.0, "diameter_cad_mm": 100.0, "material": "UNK", "diameter_from_cad": 0, "flow_lps": 1.5566, "velocity_ms": 0.1982 }, "geometry": { "type": "LineString", "coordinates": [ [ 72.914862, 19.136339 ], [ 72.914813, 19.136204 ], [ 72.914792, 19.136146 ] ] } },
{ "type": "Feature", "properties": { "pipe_id": "P120", "node1": "J97", "node2": "J130", "length_m": 78.54, "diameter_mm": 50.0, "diameter_cad_mm": 50.0, "material": "UNK", "diameter_from_cad": 0, "flow_lps": 0.17470001, "velocity_ms": 0.0889 }, "geometry": { "type": "LineString", "coordinates": [ [ 72.914792, 19.136146 ], [ 72.914862, 19.136133 ], [ 72.915012, 19.136038 ], [ 72.915334, 19.136027 ], [ 72.915385, 19.136061 ], [ 72.915409, 19.136163 ] ] } },
{ "type": "Feature", "properties": { "pipe_id": "P121", "node1": "J98", "node2": "J112", "length_m": 47.67, "diameter_mm": 100.0, "diameter_cad_mm": 100.0, "material": "UNK", "diameter_from_cad": 0, "flow_lps": -0.41569999, "velocity_ms": 0.052900001 }, "geometry": { "type": "LineString", "coordinates": [ [ 72.914924, 19.125771 ], [ 72.915031, 19.125988 ], [ 72.915126, 19.126156 ] ] } },
{ "type": "Feature", "properties": { "pipe_id": "P122", "node1": "J100", "node2": "J106", "length_m": 10.54, "diameter_mm": 150.0, "diameter_cad_mm": 150.0, "material": null, "diameter_from_cad": 1, "flow_lps": -9.7488003, "velocity_ms": 0.5517 }, "geometry": { "type": "LineString", "coordinates": [ [ 72.914831, 19.13753 ], [ 72.914929, 19.13751 ] ] } },
{ "type": "Feature", "properties": { "pipe_id": "P123", "node1": "J101", "node2": "J107", "length_m": 60.02, "diameter_mm": 100.0, "diameter_cad_mm": 100.0, "material": "UNK", "diameter_from_cad": 0, "flow_lps": -4.3125, "velocity_ms": 0.54909998 }, "geometry": { "type": "LineString", "coordinates": [ [ 72.914841, 19.136928 ], [ 72.914898, 19.137261 ], [ 72.914942, 19.13746 ], [ 72.914943, 19.137461 ] ] } },
{ "type": "Feature", "properties": { "pipe_id": "P124", "node1": "J109", "node2": "J101", "length_m": 34.28, "diameter_mm": 100.0, "diameter_cad_mm": 100.0, "material": "UNK", "diameter_from_cad": 0, "flow_lps": -3.6407001, "velocity_ms": 0.46349999 }, "geometry": { "type": "LineString", "coordinates": [ [ 72.914975, 19.136645 ], [ 72.914841, 19.136928 ] ] } },
{ "type": "Feature", "properties": { "pipe_id": "P125", "node1": "J109", "node2": "J102", "length_m": 35.89, "diameter_mm": 100.0, "diameter_cad_mm": 100.0, "material": "UNK", "diameter_from_cad": 0, "flow_lps": 3.2169001, "velocity_ms": 0.40959999 }, "geometry": { "type": "LineString", "coordinates": [ [ 72.914975, 19.136645 ], [ 72.914862, 19.136339 ] ] } },
{ "type": "Feature", "properties": { "pipe_id": "P126", "node1": "J102", "node2": "J113", "length_m": 17.42, "diameter_mm": 50.0, "diameter_cad_mm": 50.0, "material": "UNK", "diameter_from_cad": 0, "flow_lps": 0.051, "velocity_ms": 0.025900001 }, "geometry": { "type": "LineString", "coordinates": [ [ 72.914862, 19.136339 ], [ 72.915008, 19.136265 ] ] } },
{ "type": "Feature", "properties": { "pipe_id": "P127", "node1": "J111", "node2": "J103", "length_m": 13.54, "diameter_mm": 50.0, "diameter_cad_mm": 50.0, "material": "UNK", "diameter_from_cad": 0, "flow_lps": 0.050700001, "velocity_ms": 0.025800001 }, "geometry": { "type": "LineString", "coordinates": [ [ 72.91511, 19.12733 ], [ 72.914985, 19.127301 ] ] } },
{ "type": "Feature", "properties": { "pipe_id": "P128", "node1": "J104", "node2": "J111", "length_m": 38.69, "diameter_mm": 100.0, "diameter_cad_mm": 100.0, "material": "UNK", "diameter_from_cad": 0, "flow_lps": 0.84649998, "velocity_ms": 0.1078 }, "geometry": { "type": "LineString", "coordinates": [ [ 72.915007, 19.127663 ], [ 72.915046, 19.12746 ], [ 72.91511, 19.12733 ] ] } },
{ "type": "Feature", "properties": { "pipe_id": "P129", "node1": "J105", "node2": "J106", "length_m": 1.54, "diameter_mm": 150.0, "diameter_cad_mm": 150.0, "material": null, "diameter_from_cad": 1, "flow_lps": 19.9203, "velocity_ms": 1.1273 }, "geometry": { "type": "LineString", "coordinates": [ [ 72.914925, 19.137523 ], [ 72.914929, 19.13751 ] ] } },
{ "type": "Feature", "properties": { "pipe_id": "P130", "node1": "J105", "node2": "J110", "length_m": 4.22, "diameter_mm": 200.0, "diameter_cad_mm": 150.0, "material": null, "diameter_from_cad": 1, "flow_lps": 28.742599, "velocity_ms": 0.9149 }, "geometry": { "type": "LineString", "coordinates": [ [ 72.914925, 19.137523 ], [ 72.914965, 19.137519 ] ] } },
{ "type": "Feature", "properties": { "pipe_id": "P131", "node1": "J106", "node2": "J107", "length_m": 5.63, "diameter_mm": 150.0, "diameter_cad_mm": 150.0, "material": null, "diameter_from_cad": 1, "flow_lps": 4.3445001, "velocity_ms": 0.24590001 }, "geometry": { "type": "LineString", "coordinates": [ [ 72.914929, 19.13751 ], [ 72.914943, 19.137461 ] ] } },
{ "type": "Feature", "properties": { "pipe_id": "P132", "node1": "J106", "node2": "J108", "length_m": 3.27, "diameter_mm": 150.0, "diameter_cad_mm": 150.0, "material": null, "diameter_from_cad": 1, "flow_lps": 5.8256998, "velocity_ms": 0.32969999 }, "geometry": { "type": "LineString", "coordinates": [ [ 72.914929, 19.13751 ], [ 72.914959, 19.137504 ] ] } },
{ "type": "Feature", "properties": { "pipe_id": "P133", "node1": "J108", "node2": "J107", "length_m": 5.07, "diameter_mm": 150.0, "diameter_cad_mm": 150.0, "material": null, "diameter_from_cad": 1, "flow_lps": 0.0054, "velocity_ms": 0.0003 }, "geometry": { "type": "LineString", "coordinates": [ [ 72.914959, 19.137504 ], [ 72.914943, 19.137461 ] ] } },
{ "type": "Feature", "properties": { "pipe_id": "P134", "node1": "J110", "node2": "J108", "length_m": 1.7, "diameter_mm": 150.0, "diameter_cad_mm": 150.0, "material": null, "diameter_from_cad": 1, "flow_lps": -5.8168998, "velocity_ms": 0.3292 }, "geometry": { "type": "LineString", "coordinates": [ [ 72.914965, 19.137519 ], [ 72.914959, 19.137504 ] ] } },
{ "type": "Feature", "properties": { "pipe_id": "P135", "node1": "J127", "node2": "J109", "length_m": 74.8, "diameter_mm": 50.0, "diameter_cad_mm": 50.0, "material": "UNK", "diameter_from_cad": 0, "flow_lps": -0.2649, "velocity_ms": 0.1349 }, "geometry": { "type": "LineString", "coordinates": [ [ 72.915266, 19.137245 ], [ 72.915198, 19.137201 ], [ 72.91516, 19.137152 ], [ 72.915079, 19.13693 ], [ 72.91499, 19.136688 ], [ 72.914975, 19.136645 ] ] } },
{ "type": "Feature", "properties": { "pipe_id": "P136", "node1": "J109", "node2": "J117", "length_m": 10.85, "diameter_mm": 50.0, "diameter_cad_mm": 50.0, "material": "UNK", "diameter_from_cad": 0, "flow_lps": 0.1141, "velocity_ms": 0.0581 }, "geometry": { "type": "LineString", "coordinates": [ [ 72.914975, 19.136645 ], [ 72.915075, 19.136623 ] ] } },
{ "type": "Feature", "properties": { "pipe_id": "P137", "node1": "J110", "node2": "J146", "length_m": 150.16, "diameter_mm": 200.0, "diameter_cad_mm": 100.0, "material": "UNK", "diameter_from_cad": 0, "flow_lps": 29.6409, "velocity_ms": 0.94349998 }, "geometry": { "type": "LineString", "coordinates": [ [ 72.914965, 19.137519 ], [ 72.914966, 19.137521 ], [ 72.915401, 19.138259 ], [ 72.91555, 19.138323 ], [ 72.915903, 19.138279 ], [ 72.915917, 19.138277 ] ] } },
{ "type": "Feature", "properties": { "pipe_id": "P138", "node1": "J110", "node2": "J146", "length_m": 149.32, "diameter_mm": 100.0, "diameter_cad_mm": 100.0, "material": "UNK", "diameter_from_cad": 0, "flow_lps": 4.8024001, "velocity_ms": 0.61150002 }, "geometry": { "type": "LineString", "coordinates": [ [ 72.914965, 19.137519 ], [ 72.914975, 19.137517 ], [ 72.915163, 19.137851 ], [ 72.915376, 19.138204 ], [ 72.915384, 19.138216 ], [ 72.915392, 19.138227 ], [ 72.915401, 19.138238 ], [ 72.915411, 19.138248 ], [ 72.915535, 19.138309 ], [ 72.915637, 19.138307 ], [ 72.915917, 19.138277 ] ] } },
{ "type": "Feature", "properties": { "pipe_id": "P139", "node1": "J111", "node2": "J128", "length_m": 83.9, "diameter_mm": 100.0, "diameter_cad_mm": 100.0, "material": "UNK", "diameter_from_cad": 0, "flow_lps": 0.71380001, "velocity_ms": 0.090899996 }, "geometry": { "type": "LineString", "coordinates": [ [ 72.91511, 19.12733 ], [ 72.915308, 19.126929 ], [ 72.915438, 19.126639 ] ] } },
{ "type": "Feature", "properties": { "pipe_id": "P140", "node1": "J115", "node2": "J112", "length_m": 8.25, "diameter_mm": 100.0, "diameter_cad_mm": 100.0, "material": "UNK", "diameter_from_cad": 0, "flow_lps": 0.31900001, "velocity_ms": 0.040600002 }, "geometry": { "type": "LineString", "coordinates": [ [ 72.915202, 19.126175 ], [ 72.915126, 19.126156 ] ] } },
{ "type": "Feature", "properties": { "pipe_id": "P141", "node1": "J112", "node2": "J115", "length_m": 9.32, "diameter_mm": 100.0, "diameter_cad_mm": 100.0, "material": "UNK", "diameter_from_cad": 0, "flow_lps": -0.2987, "velocity_ms": 0.038 }, "geometry": { "type": "LineString", "coordinates": [ [ 72.915126, 19.126156 ], [ 72.915198, 19.126185 ], [ 72.915202, 19.126175 ] ] } },
{ "type": "Feature", "properties": { "pipe_id": "P142", "node1": "J114", "node2": "J128", "length_m": 57.73, "diameter_mm": 50.0, "diameter_cad_mm": 50.0, "material": "UNK", "diameter_from_cad": 0, "flow_lps": -0.1171, "velocity_ms": 0.059700001 }, "geometry": { "type": "LineString", "coordinates": [ [ 72.91513, 19.12692 ], [ 72.915286, 19.126974 ], [ 72.915438, 19.126639 ] ] } },
{ "type": "Feature", "properties": { "pipe_id": "P143", "node1": "J131", "node2": "J115", "length_m": 44.06, "diameter_mm": 100.0, "diameter_cad_mm": 100.0, "material": "UNK", "diameter_from_cad": 0, "flow_lps": -0.0568, "velocity_ms": 0.0072 }, "geometry": { "type": "LineString", "coordinates": [ [ 72.91559, 19.126312 ], [ 72.915589, 19.126314 ], [ 72.915435, 19.126233 ], [ 72.915202, 19.126175 ] ] } },
{ "type": "Feature", "properties": { "pipe_id": "P144", "node1": "J115", "node2": "J184", "length_m": 265.93, "diameter_mm": 40.0, "diameter_cad_mm": 40.0, "material": null, "diameter_from_cad": 1, "flow_lps": -0.73079997, "velocity_ms": 0.58149999 }, "geometry": { "type": "LineString", "coordinates": [ [ 72.915202, 19.126175 ], [ 72.915628, 19.125201 ], [ 72.915733, 19.12524 ], [ 72.91684, 19.125897 ] ] } },
{ "type": "Feature", "properties": { "pipe_id": "P145", "node1": "J188", "node2": "J116", "length_m": 189.78, "diameter_mm": 50.0, "diameter_cad_mm": 50.0, "material": "GI", "diameter_from_cad": 1, "flow_lps": 0.71100003, "velocity_ms": 0.36210001 }, "geometry": { "type": "LineString", "coordinates": [ [ 72.916852, 19.132287 ], [ 72.916822, 19.132282 ], [ 72.915951, 19.132136 ], [ 72.915486, 19.131965 ], [ 72.915131, 19.131812 ] ] } },
{ "type": "Feature", "properties": { "pipe_id": "P146", "node1": "J118", "node2": "J188", "length_m": 207.19, "diameter_mm": 50.0, "diameter_cad_mm": 50.0, "material": "GI", "diameter_from_cad": 1, "flow_lps": -0.3838, "velocity_ms": 0.1955 }, "geometry": { "type": "LineString", "coordinates": [ [ 72.915162, 19.131662 ], [ 72.915955, 19.132109 ], [ 72.916855, 19.132149 ], [ 72.916853, 19.132272 ], [ 72.916852, 19.132287 ] ] } },
{ "type": "Feature", "properties": { "pipe_id": "P147", "node1": "J119", "node2": "J123", "length_m": 125.62, "diameter_mm": 75.0, "diameter_cad_mm": 50.0, "material": "CI", "diameter_from_cad": 1, "flow_lps": 6.1760998, "velocity_ms": 1.398 }, "geometry": { "type": "LineString", "coordinates": [ [ 72.915219, 19.128388 ], [ 72.91524, 19.128913 ], [ 72.915266, 19.129522 ] ] } },
{ "type": "Feature", "properties": { "pipe_id": "P148", "node1": "J119", "node2": "J126", "length_m": 16.72, "diameter_mm": 50.0, "diameter_cad_mm": 50.0, "material": "CI", "diameter_from_cad": 1, "flow_lps": 0.1274, "velocity_ms": 0.064900003 }, "geometry": { "type": "LineString", "coordinates": [ [ 72.915219, 19.128388 ], [ 72.915377, 19.12837 ] ] } },
{ "type": "Feature", "properties": { "pipe_id": "P149", "node1": "J120", "node2": "J185", "length_m": 190.78, "diameter_mm": 50.0, "diameter_cad_mm": 50.0, "material": "GI", "diameter_from_cad": 1, "flow_lps": 1.1131999, "velocity_ms": 0.56699997 }, "geometry": { "type": "LineString", "coordinates": [ [ 72.915229, 19.130703 ], [ 72.915229, 19.130703 ], [ 72.915979, 19.13074 ], [ 72.915976, 19.130979 ], [ 72.916784, 19.131046 ] ] } },
{ "type": "Feature", "properties": { "pipe_id": "P150", "node1": "J120", "node2": "J122", "length_m": 32.54, "diameter_mm": 250.0, "diameter_cad_mm": 250.0, "material": null, "diameter_from_cad": 1, "flow_lps": -1.1727, "velocity_ms": 0.0239 }, "geometry": { "type": "LineString", "coordinates": [ [ 72.915229, 19.130703 ], [ 72.915245, 19.130409 ] ] } },
{ "type": "Feature", "properties": { "pipe_id": "P151", "node1": "J122", "node2": "J120", "length_m": 32.55, "diameter_mm": 250.0, "diameter_cad_mm": 250.0, "material": null, "diameter_from_cad": 1, "flow_lps": 1.1725, "velocity_ms": 0.0239 }, "geometry": { "type": "LineString", "coordinates": [ [ 72.915245, 19.130409 ], [ 72.915243, 19.130525 ], [ 72.915229, 19.130703 ] ] } },
{ "type": "Feature", "properties": { "pipe_id": "P152", "node1": "J121", "node2": "J134", "length_m": 72.13, "diameter_mm": 75.0, "diameter_cad_mm": 75.0, "material": "CI", "diameter_from_cad": 1, "flow_lps": -2.9709001, "velocity_ms": 0.67250001 }, "geometry": { "type": "LineString", "coordinates": [ [ 72.915269, 19.128282 ], [ 72.915302, 19.128214 ], [ 72.915533, 19.12819 ], [ 72.915621, 19.128009 ], [ 72.91569, 19.127868 ] ] } },
{ "type": "Feature", "properties": { "pipe_id": "P153", "node1": "J121", "node2": "J138", "length_m": 56.61, "diameter_mm": 100.0, "diameter_cad_mm": 75.0, "material": "CI", "diameter_from_cad": 1, "flow_lps": -8.6363001, "velocity_ms": 1.0996 }, "geometry": { "type": "LineString", "coordinates": [ [ 72.915269, 19.128282 ], [ 72.915806, 19.128253 ] ] } },
{ "type": "Feature", "properties": { "pipe_id": "P154", "node1": "J123", "node2": "J122", "length_m": 98.28, "diameter_mm": 100.0, "diameter_cad_mm": 100.0, "material": "UNK", "diameter_from_cad": 0, "flow_lps": 5.0237002, "velocity_ms": 0.63959998 }, "geometry": { "type": "LineString", "coordinates": [ [ 72.915266, 19.129522 ], [ 72.915258, 19.129815 ], [ 72.915245, 19.130409 ] ] } },
{ "type": "Feature", "properties": { "pipe_id": "P155", "node1": "J122", "node2": "J241", "length_m": 433.4, "diameter_mm": 50.0, "diameter_cad_mm": 50.0, "material": "GI", "diameter_from_cad": 1, "flow_lps": 0.81169999, "velocity_ms": 0.41339999 }, "geometry": { "type": "LineString", "coordinates": [ [ 72.915245, 19.130409 ], [ 72.915254, 19.129984 ], [ 72.916747, 19.130098 ], [ 72.917135, 19.130156 ], [ 72.91737, 19.130177 ], [ 72.917925, 19.130189 ], [ 72.918033, 19.129339 ], [ 72.918123, 19.129345 ] ] } },
{ "type": "Feature", "properties": { "pipe_id": "P156", "node1": "J128", "node2": "J124", "length_m": 13.22, "diameter_mm": 50.0, "diameter_cad_mm": 50.0, "material": "UNK", "diameter_from_cad": 0, "flow_lps": 0.0506, "velocity_ms": 0.0257 }, "geometry": { "type": "LineString", "coordinates": [ [ 72.915438, 19.126639 ], [ 72.915332, 19.126575 ] ] } },
{ "type": "Feature", "properties": { "pipe_id": "P157", "node1": "J128", "node2": "J131", "length_m": 39.59, "diameter_mm": 100.0, "diameter_cad_mm": 100.0, "material": "UNK", "diameter_from_cad": 0, "flow_lps": 0.45879999, "velocity_ms": 0.058400001 }, "geometry": { "type": "LineString", "coordinates": [ [ 72.915438, 19.126639 ], [ 72.915463, 19.126583 ], [ 72.91559, 19.126312 ] ] } },
{ "type": "Feature", "properties": { "pipe_id": "P158", "node1": "J129", "node2": "J135", "length_m": 30.55, "diameter_mm": 50.0, "diameter_cad_mm": 50.0, "material": "UNK", "diameter_from_cad": 0, "flow_lps": 0.32350001, "velocity_ms": 0.1648 }, "geometry": { "type": "LineString", "coordinates": [ [ 72.915428, 19.134518 ], [ 72.915624, 19.134532 ], [ 72.915622, 19.134613 ], [ 72.915632, 19.134611 ] ] } },
{ "type": "Feature", "properties": { "pipe_id": "P159", "node1": "J158", "node2": "J129", "length_m": 312.22, "diameter_mm": 40.0, "diameter_cad_mm": 40.0, "material": "GI", "diameter_from_cad": 1, "flow_lps": 1.5141, "velocity_ms": 1.2049 }, "geometry": { "type": "LineString", "coordinates": [ [ 72.916223, 19.136292 ], [ 72.915842, 19.136274 ], [ 72.915643, 19.136257 ], [ 72.915505, 19.136152 ], [ 72.915529, 19.135943 ], [ 72.91549, 19.135354 ], [ 72.915179, 19.135323 ], [ 72.915233, 19.134509 ], [ 72.915428, 19.134518 ] ] } },
{ "type": "Feature", "properties": { "pipe_id": "P160", "node1": "J129", "node2": "J165", "length_m": 105.63, "diameter_mm": 50.0, "diameter_cad_mm": 50.0, "material": "UNK", "diameter_from_cad": 0, "flow_lps": 0.468, "velocity_ms": 0.2384 }, "geometry": { "type": "LineString", "coordinates": [ [ 72.915428, 19.134518 ], [ 72.915454, 19.134463 ], [ 72.915752, 19.134475 ], [ 72.916364, 19.134511 ], [ 72.916376, 19.134537 ] ] } },
{ "type": "Feature", "properties": { "pipe_id": "P161", "node1": "J131", "node2": "J136", "length_m": 44.63, "diameter_mm": 100.0, "diameter_cad_mm": 100.0, "material": "UNK", "diameter_from_cad": 0, "flow_lps": 0.2066, "velocity_ms": 0.0263 }, "geometry": { "type": "LineString", "coordinates": [ [ 72.91559, 19.126312 ], [ 72.915696, 19.126086 ], [ 72.915763, 19.125944 ] ] } },
{ "type": "Feature", "properties": { "pipe_id": "P162", "node1": "J136", "node2": "J131", "length_m": 44.63, "diameter_mm": 100.0, "diameter_cad_mm": 100.0, "material": "UNK", "diameter_from_cad": 0, "flow_lps": -0.2066, "velocity_ms": 0.0263 }, "geometry": { "type": "LineString", "coordinates": [ [ 72.915763, 19.125944 ], [ 72.91559, 19.126312 ] ] } },
{ "type": "Feature", "properties": { "pipe_id": "P163", "node1": "J132", "node2": "J134", "length_m": 12.58, "diameter_mm": 50.0, "diameter_cad_mm": 50.0, "material": "CI", "diameter_from_cad": 1, "flow_lps": -0.092900001, "velocity_ms": 0.0473 }, "geometry": { "type": "LineString", "coordinates": [ [ 72.915598, 19.127794 ], [ 72.91569, 19.127868 ] ] } },
{ "type": "Feature", "properties": { "pipe_id": "P164", "node1": "J133", "node2": "J136", "length_m": 11.28, "diameter_mm": 50.0, "diameter_cad_mm": 50.0, "material": "UNK", "diameter_from_cad": 0, "flow_lps": -0.095399998, "velocity_ms": 0.0486 }, "geometry": { "type": "LineString", "coordinates": [ [ 72.91567, 19.125894 ], [ 72.915763, 19.125944 ], [ 72.915763, 19.125944 ] ] } },
{ "type": "Feature", "properties": { "pipe_id": "P165", "node1": "J134", "node2": "J137", "length_m": 15.62, "diameter_mm": 75.0, "diameter_cad_mm": 75.0, "material": "CI", "diameter_from_cad": 1, "flow_lps": -1.9502, "velocity_ms": 0.44139999 }, "geometry": { "type": "LineString", "coordinates": [ [ 72.91569, 19.127868 ], [ 72.915803, 19.127959 ] ] } },
{ "type": "Feature", "properties": { "pipe_id": "P166", "node1": "J134", "node2": "J143", "length_m": 58.9, "diameter_mm": 100.0, "diameter_cad_mm": 100.0, "material": "UNK", "diameter_from_cad": 0, "flow_lps": -1.1477, "velocity_ms": 0.1461 }, "geometry": { "type": "LineString", "coordinates": [ [ 72.91569, 19.127868 ], [ 72.915925, 19.127385 ] ] } },
{ "type": "Feature", "properties": { "pipe_id": "P167", "node1": "J136", "node2": "J140", "length_m": 62.77, "diameter_mm": 50.0, "diameter_cad_mm": 50.0, "material": "UNK", "diameter_from_cad": 0, "flow_lps": 0.2221, "velocity_ms": 0.1131 }, "geometry": { "type": "LineString", "coordinates": [ [ 72.915763, 19.125944 ], [ 72.91581, 19.125844 ], [ 72.91583, 19.125714 ], [ 72.915938, 19.125483 ], [ 72.915873, 19.125443 ] ] } },
{ "type": "Feature", "properties": { "pipe_id": "P168", "node1": "J137", "node2": "J141", "length_m": 10.08, "diameter_mm": 50.0, "diameter_cad_mm": 50.0, "material": "CI", "diameter_from_cad": 1, "flow_lps": 0.0565, "velocity_ms": 0.0288 }, "geometry": { "type": "LineString", "coordinates": [ [ 72.915803, 19.127959 ], [ 72.91588, 19.128013 ] ] } },
{ "type": "Feature", "properties": { "pipe_id": "P169", "node1": "J137", "node2": "J138", "length_m": 37.43, "diameter_mm": 75.0, "diameter_cad_mm": 75.0, "material": "CI", "diameter_from_cad": 1, "flow_lps": -2.1916001, "velocity_ms": 0.49610001 }, "geometry": { "type": "LineString", "coordinates": [ [ 72.915803, 19.127959 ], [ 72.915718, 19.128128 ], [ 72.915806, 19.128253 ] ] } },
{ "type": "Feature", "properties": { "pipe_id": "P170", "node1": "J144", "node2": "J137", "length_m": 54.63, "diameter_mm": 75.0, "diameter_cad_mm": 75.0, "material": "CI", "diameter_from_cad": 1, "flow_lps": -0.1586, "velocity_ms": 0.0359 }, "geometry": { "type": "LineString", "coordinates": [ [ 72.916027, 19.127514 ], [ 72.915803, 19.127959 ] ] } },
{ "type": "Feature", "properties": { "pipe_id": "P171", "node1": "J138", "node2": "J162", "length_m": 61.83, "diameter_mm": 100.0, "diameter_cad_mm": 75.0, "material": "CI", "diameter_from_cad": 1, "flow_lps": -11.0087, "velocity_ms": 1.4017 }, "geometry": { "type": "LineString", "coordinates": [ [ 72.915806, 19.128253 ], [ 72.916056, 19.128242 ], [ 72.916393, 19.128248 ] ] } },
{ "type": "Feature", "properties": { "pipe_id": "P172", "node1": "J139", "node2": "J143", "length_m": 13.71, "diameter_mm": 50.0, "diameter_cad_mm": 50.0, "material": "GI", "diameter_from_cad": 1, "flow_lps": -0.1118, "velocity_ms": 0.056899998 }, "geometry": { "type": "LineString", "coordinates": [ [ 72.915847, 19.127286 ], [ 72.915925, 19.127385 ] ] } },
{ "type": "Feature", "properties": { "pipe_id": "P173", "node1": "J156", "node2": "J142", "length_m": 52.67, "diameter_mm": 50.0, "diameter_cad_mm": 50.0, "material": "CI", "diameter_from_cad": 1, "flow_lps": 0.2854, "velocity_ms": 0.1454 }, "geometry": { "type": "LineString", "coordinates": [ [ 72.916143, 19.13606 ], [ 72.916146, 19.135932 ], [ 72.916107, 19.135934 ], [ 72.915923, 19.135968 ], [ 72.915785, 19.135947 ] ] } },
{ "type": "Feature", "properties": { "pipe_id": "P174", "node1": "J143", "node2": "J144", "length_m": 17.83, "diameter_mm": 50.0, "diameter_cad_mm": 50.0, "material": "GI", "diameter_from_cad": 1, "flow_lps": -0.60650003, "velocity_ms": 0.3089 }, "geometry": { "type": "LineString", "coordinates": [ [ 72.915925, 19.127385 ], [ 72.916027, 19.127514 ] ] } },
{ "type": "Feature", "properties": { "pipe_id": "P175", "node1": "J143", "node2": "J155", "length_m": 63.58, "diameter_mm": 50.0, "diameter_cad_mm": 50.0, "material": "GI", "diameter_from_cad": 1, "flow_lps": -0.69190001, "velocity_ms": 0.3524 }, "geometry": { "type": "LineString", "coordinates": [ [ 72.915925, 19.127385 ], [ 72.916179, 19.126864 ] ] } },
{ "type": "Feature", "properties": { "pipe_id": "P176", "node1": "J144", "node2": "J153", "length_m": 11.46, "diameter_mm": 50.0, "diameter_cad_mm": 50.0, "material": "GI", "diameter_from_cad": 1, "flow_lps": 0.127, "velocity_ms": 0.0647 }, "geometry": { "type": "LineString", "coordinates": [ [ 72.916027, 19.127514 ], [ 72.916127, 19.127553 ] ] } },
{ "type": "Feature", "properties": { "pipe_id": "P177", "node1": "J157", "node2": "J144", "length_m": 64.71, "diameter_mm": 50.0, "diameter_cad_mm": 50.0, "material": "GI", "diameter_from_cad": 1, "flow_lps": 0.60769999, "velocity_ms": 0.30950001 }, "geometry": { "type": "LineString", "coordinates": [ [ 72.916292, 19.126986 ], [ 72.916027, 19.127514 ] ] } },
{ "type": "Feature", "properties": { "pipe_id": "P178", "node1": "J148", "node2": "J145", "length_m": 56.19, "diameter_mm": 50.0, "diameter_cad_mm": 50.0, "material": "GI", "diameter_from_cad": 1, "flow_lps": 0.2008, "velocity_ms": 0.1023 }, "geometry": { "type": "LineString", "coordinates": [ [ 72.915951, 19.138323 ], [ 72.915957, 19.138344 ], [ 72.915887, 19.138825 ], [ 72.915887, 19.138825 ] ] } },
{ "type": "Feature", "properties": { "pipe_id": "P179", "node1": "J146", "node2": "J148", "length_m": 6.18, "diameter_mm": 50.0, "diameter_cad_mm": 50.0, "material": "GI", "diameter_from_cad": 1, "flow_lps": 0.8154, "velocity_ms": 0.41530001 }, "geometry": { "type": "LineString", "coordinates": [ [ 72.915917, 19.138277 ], [ 72.915951, 19.138323 ] ] } },
{ "type": "Feature", "properties": { "pipe_id": "P180", "node1": "J170", "node2": "J146", "length_m": 148.04, "diameter_mm": 50.0, "diameter_cad_mm": 50.0, "material": "CI", "diameter_from_cad": 1, "flow_lps": -0.4003, "velocity_ms": 0.20389999 }, "geometry": { "type": "LineString", "coordinates": [ [ 72.916417, 19.137554 ], [ 72.916429, 19.137758 ], [ 72.916416, 19.137927 ], [ 72.916544, 19.138127 ], [ 72.916522, 19.138092 ], [ 72.915879, 19.138226 ], [ 72.915917, 19.138277 ] ] } },
{ "type": "Feature", "properties": { "pipe_id": "P181", "node1": "J146", "node2": "J150", "length_m": 10.39, "diameter_mm": 200.0, "diameter_cad_mm": 50.0, "material": "GI", "diameter_from_cad": 1, "flow_lps": 32.239101, "velocity_ms": 1.0262001 }, "geometry": { "type": "LineString", "coordinates": [ [ 72.915917, 19.138277 ], [ 72.915947, 19.138273 ], [ 72.915962, 19.138337 ] ] } },
{ "type": "Feature", "properties": { "pipe_id": "P182", "node1": "J146", "node2": "J148", "length_m": 7.62, "diameter_mm": 50.0, "diameter_cad_mm": 50.0, "material": "GI", "diameter_from_cad": 1, "flow_lps": 0.72820002, "velocity_ms": 0.37090001 }, "geometry": { "type": "LineString", "coordinates": [ [ 72.915917, 19.138277 ], [ 72.915939, 19.138276 ], [ 72.915951, 19.138323 ] ] } },
{ "type": "Feature", "properties": { "pipe_id": "P183", "node1": "J147", "node2": "J151", "length_m": 2.17, "diameter_mm": 100.0, "diameter_cad_mm": 100.0, "material": "UNK", "diameter_from_cad": 0, "flow_lps": -0.35960001, "velocity_ms": 0.0458 }, "geometry": { "type": "LineString", "coordinates": [ [ 72.915936, 19.138815 ], [ 72.915957, 19.138815 ] ] } },
{ "type": "Feature", "properties": { "pipe_id": "P184", "node1": "J147", "node2": "J151", "length_m": 8.71, "diameter_mm": 100.0, "diameter_cad_mm": 100.0, "material": "UNK", "diameter_from_cad": 0, "flow_lps": -0.1724, "velocity_ms": 0.022 }, "geometry": { "type": "LineString", "coordinates": [ [ 72.915936, 19.138815 ], [ 72.915986, 19.138826 ], [ 72.915957, 19.138815 ] ] } },
{ "type": "Feature", "properties": { "pipe_id": "P185", "node1": "J147", "node2": "J149", "length_m": 7.85, "diameter_mm": 50.0, "diameter_cad_mm": 50.0, "material": "UNK", "diameter_from_cad": 0, "flow_lps": 0.94760001, "velocity_ms": 0.4826 }, "geometry": { "type": "LineString", "coordinates": [ [ 72.915936, 19.138815 ], [ 72.915949, 19.138884 ] ] } },
{ "type": "Feature", "properties": { "pipe_id": "P186", "node1": "J150", "node2": "J147", "length_m": 56.6, "diameter_mm": 50.0, "diameter_cad_mm": 50.0, "material": "GI", "diameter_from_cad": 1, "flow_lps": 0.4233, "velocity_ms": 0.2156 }, "geometry": { "type": "LineString", "coordinates": [ [ 72.915962, 19.138337 ], [ 72.915963, 19.138343 ], [ 72.915898, 19.138807 ], [ 72.915936, 19.138815 ] ] } },
{ "type": "Feature", "properties": { "pipe_id": "P187", "node1": "J148", "node2": "J150", "length_m": 1.96, "diameter_mm": 50.0, "diameter_cad_mm": 50.0, "material": "GI", "diameter_from_cad": 1, "flow_lps": 1.3265001, "velocity_ms": 0.67559999 }, "geometry": { "type": "LineString", "coordinates": [ [ 72.915951, 19.138323 ], [ 72.915962, 19.138337 ] ] } },
{ "type": "Feature", "properties": { "pipe_id": "P188", "node1": "J150", "node2": "J154", "length_m": 7.01, "diameter_mm": 200.0, "diameter_cad_mm": 50.0, "material": "GI", "diameter_from_cad": 1, "flow_lps": 33.124699, "velocity_ms": 1.0544 }, "geometry": { "type": "LineString", "coordinates": [ [ 72.915962, 19.138337 ], [ 72.916001, 19.138389 ] ] } },
{ "type": "Feature", "properties": { "pipe_id": "P189", "node1": "J151", "node2": "J154", "length_m": 47.67, "diameter_mm": 50.0, "diameter_cad_mm": 50.0, "material": "GI", "diameter_from_cad": 1, "flow_lps": -0.331, "velocity_ms": 0.16859999 }, "geometry": { "type": "LineString", "coordinates": [ [ 72.915957, 19.138815 ], [ 72.915952, 19.138811 ], [ 72.916001, 19.138389 ] ] } },
{ "type": "Feature", "properties": { "pipe_id": "P190", "node1": "J151", "node2": "J154", "length_m": 47.45, "diameter_mm": 50.0, "diameter_cad_mm": 50.0, "material": "GI", "diameter_from_cad": 1, "flow_lps": -0.3319, "velocity_ms": 0.169 }, "geometry": { "type": "LineString", "coordinates": [ [ 72.915957, 19.138815 ], [ 72.916001, 19.138389 ] ] } },
{ "type": "Feature", "properties": { "pipe_id": "P191", "node1": "J152", "node2": "J155", "length_m": 10.43, "diameter_mm": 50.0, "diameter_cad_mm": 50.0, "material": null, "diameter_from_cad": 1, "flow_lps": -0.0902, "velocity_ms": 0.045899998 }, "geometry": { "type": "LineString", "coordinates": [ [ 72.916114, 19.126793 ], [ 72.916179, 19.126864 ] ] } },
{ "type": "Feature", "properties": { "pipe_id": "P192", "node1": "J154", "node2": "J233", "length_m": 280.15, "diameter_mm": 200.0, "diameter_cad_mm": 100.0, "material": "CI", "diameter_from_cad": 1, "flow_lps": 31.991501, "velocity_ms": 1.0183001 }, "geometry": { "type": "LineString", "coordinates": [ [ 72.916001, 19.138389 ], [ 72.916276, 19.138276 ], [ 72.916445, 19.1382 ], [ 72.916941, 19.137836 ], [ 72.917172, 19.137665 ], [ 72.91733, 19.137495 ], [ 72.917631, 19.137197 ], [ 72.917811, 19.137025 ], [ 72.917825, 19.13701 ], [ 72.917839, 19.136994 ], [ 72.917851, 19.136978 ], [ 72.917863, 19.13696 ], [ 72.917873, 19.136942 ], [ 72.917882, 19.136923 ], [ 72.917889, 19.136904 ], [ 72.917896, 19.136884 ], [ 72.917901, 19.136864 ], [ 72.917904, 19.136844 ], [ 72.917906, 19.136824 ], [ 72.917907, 19.136803 ], [ 72.917906, 19.136783 ], [ 72.917901, 19.136738 ] ] } },
{ "type": "Feature", "properties": { "pipe_id": "P193", "node1": "J154", "node2": "J216", "length_m": 198.57, "diameter_mm": 50.0, "diameter_cad_mm": 50.0, "material": "CI", "diameter_from_cad": 1, "flow_lps": 0.26190001, "velocity_ms": 0.13339999 }, "geometry": { "type": "LineString", "coordinates": [ [ 72.916001, 19.138389 ], [ 72.916431, 19.138225 ], [ 72.91682, 19.137957 ], [ 72.9172, 19.137686 ], [ 72.917546, 19.137985 ] ] } },
{ "type": "Feature", "properties": { "pipe_id": "P194", "node1": "J155", "node2": "J157", "length_m": 18.02, "diameter_mm": 50.0, "diameter_cad_mm": 50.0, "material": null, "diameter_from_cad": 1, "flow_lps": -0.1516, "velocity_ms": 0.077200003 }, "geometry": { "type": "LineString", "coordinates": [ [ 72.916179, 19.126864 ], [ 72.916292, 19.126986 ] ] } },
{ "type": "Feature", "properties": { "pipe_id": "P195", "node1": "J155", "node2": "J164", "length_m": 63.34, "diameter_mm": 50.0, "diameter_cad_mm": 50.0, "material": null, "diameter_from_cad": 1, "flow_lps": -0.66339999, "velocity_ms": 0.3378 }, "geometry": { "type": "LineString", "coordinates": [ [ 72.916179, 19.126864 ], [ 72.916432, 19.126345 ] ] } },
{ "type": "Feature", "properties": { "pipe_id": "P196", "node1": "J156", "node2": "J168", "length_m": 27.15, "diameter_mm": 50.0, "diameter_cad_mm": 50.0, "material": "GI", "diameter_from_cad": 1, "flow_lps": 0.1542, "velocity_ms": 0.078500003 }, "geometry": { "type": "LineString", "coordinates": [ [ 72.916143, 19.13606 ], [ 72.91635, 19.136065 ], [ 72.916398, 19.136048 ] ] } },
{ "type": "Feature", "properties": { "pipe_id": "P197", "node1": "J156", "node2": "J158", "length_m": 32.2, "diameter_mm": 75.0, "diameter_cad_mm": 75.0, "material": "GI", "diameter_from_cad": 1, "flow_lps": -0.52929997, "velocity_ms": 0.1198 }, "geometry": { "type": "LineString", "coordinates": [ [ 72.916143, 19.13606 ], [ 72.916138, 19.136265 ], [ 72.916223, 19.136292 ] ] } },
{ "type": "Feature", "properties": { "pipe_id": "P198", "node1": "J157", "node2": "J163", "length_m": 13.74, "diameter_mm": 50.0, "diameter_cad_mm": 50.0, "material": null, "diameter_from_cad": 1, "flow_lps": 0.1042, "velocity_ms": 0.053100001 }, "geometry": { "type": "LineString", "coordinates": [ [ 72.916292, 19.126986 ], [ 72.916415, 19.127028 ] ] } },
{ "type": "Feature", "properties": { "pipe_id": "P199", "node1": "J169", "node2": "J157", "length_m": 56.35, "diameter_mm": 50.0, "diameter_cad_mm": 50.0, "material": null, "diameter_from_cad": 1, "flow_lps": 0.90280002, "velocity_ms": 0.4598 }, "geometry": { "type": "LineString", "coordinates": [ [ 72.916523, 19.126527 ], [ 72.916292, 19.126986 ] ] } },
{ "type": "Feature", "properties": { "pipe_id": "P200", "node1": "J190", "node2": "J158", "length_m": 65.86, "diameter_mm": 75.0, "diameter_cad_mm": 75.0, "material": "GI", "diameter_from_cad": 1, "flow_lps": 1.2174, "velocity_ms": 0.27559999 }, "geometry": { "type": "LineString", "coordinates": [ [ 72.916849, 19.136319 ], [ 72.916392, 19.1363 ], [ 72.916223, 19.136292 ] ] } },
{ "type": "Feature", "properties": { "pipe_id": "P201", "node1": "J158", "node2": "J173", "length_m": 24.74, "diameter_mm": 75.0, "diameter_cad_mm": 75.0, "material": "GI", "diameter_from_cad": 1, "flow_lps": -0.91460001, "velocity_ms": 0.207 }, "geometry": { "type": "LineString", "coordinates": [ [ 72.916223, 19.136292 ], [ 72.916447, 19.136361 ] ] } },
{ "type": "Feature", "properties": { "pipe_id": "P202", "node1": "J159", "node2": "J164", "length_m": 9.11, "diameter_mm": 50.0, "diameter_cad_mm": 50.0, "material": null, "diameter_from_cad": 1, "flow_lps": -0.084, "velocity_ms": 0.042800002 }, "geometry": { "type": "LineString", "coordinates": [ [ 72.916368, 19.12629 ], [ 72.916432, 19.126345 ] ] } },
{ "type": "Feature", "properties": { "pipe_id": "P203", "node1": "J160", "node2": "J169", "length_m": 17.15, "diameter_mm": 50.0, "diameter_cad_mm": 50.0, "material": null, "diameter_from_cad": 1, "flow_lps": -0.0442, "velocity_ms": 0.022500001 }, "geometry": { "type": "LineString", "coordinates": [ [ 72.916373, 19.126467 ], [ 72.916523, 19.126527 ] ] } },
{ "type": "Feature", "properties": { "pipe_id": "P204", "node1": "J166", "node2": "J161", "length_m": 11.73, "diameter_mm": 50.0, "diameter_cad_mm": 50.0, "material": "GI", "diameter_from_cad": 1, "flow_lps": 0.16329999, "velocity_ms": 0.0832 }, "geometry": { "type": "LineString", "coordinates": [ [ 72.916366, 19.136837 ], [ 72.916254, 19.136836 ] ] } },
{ "type": "Feature", "properties": { "pipe_id": "P205", "node1": "J162", "node2": "J179", "length_m": 24.46, "diameter_mm": 100.0, "diameter_cad_mm": 100.0, "material": "UNK", "diameter_from_cad": 0, "flow_lps": 1.5750999, "velocity_ms": 0.2005 }, "geometry": { "type": "LineString", "coordinates": [ [ 72.916393, 19.128248 ], [ 72.916416, 19.128249 ], [ 72.916625, 19.128257 ] ] } },
{ "type": "Feature", "properties": { "pipe_id": "P206", "node1": "J162", "node2": "J191", "length_m": 185.19, "diameter_mm": 150.0, "diameter_cad_mm": 100.0, "material": "UNK", "diameter_from_cad": 0, "flow_lps": -12.6844, "velocity_ms": 0.71780002 }, "geometry": { "type": "LineString", "coordinates": [ [ 72.916393, 19.128248 ], [ 72.916345, 19.128114 ], [ 72.916972, 19.126704 ] ] } },
{ "type": "Feature", "properties": { "pipe_id": "P207", "node1": "J164", "node2": "J172", "length_m": 18.03, "diameter_mm": 50.0, "diameter_cad_mm": 50.0, "material": null, "diameter_from_cad": 1, "flow_lps": -0.9386, "velocity_ms": 0.478 }, "geometry": { "type": "LineString", "coordinates": [ [ 72.916432, 19.126345 ], [ 72.91656, 19.126454 ] ] } },
{ "type": "Feature", "properties": { "pipe_id": "P208", "node1": "J164", "node2": "J175", "length_m": 61.57, "diameter_mm": 40.0, "diameter_cad_mm": 40.0, "material": null, "diameter_from_cad": 1, "flow_lps": 0.1691, "velocity_ms": 0.1346 }, "geometry": { "type": "LineString", "coordinates": [ [ 72.916432, 19.126345 ], [ 72.916647, 19.125905 ], [ 72.916603, 19.125848 ] ] } },
{ "type": "Feature", "properties": { "pipe_id": "P209", "node1": "J174", "node2": "J166", "length_m": 39.89, "diameter_mm": 75.0, "diameter_cad_mm": 75.0, "material": "GI", "diameter_from_cad": 1, "flow_lps": 0.30930001, "velocity_ms": 0.07 }, "geometry": { "type": "LineString", "coordinates": [ [ 72.916445, 19.13655 ], [ 72.916442, 19.136792 ], [ 72.916441, 19.136838 ], [ 72.916366, 19.136837 ] ] } },
{ "type": "Feature", "properties": { "pipe_id": "P210", "node1": "J166", "node2": "J167", "length_m": 7.41, "diameter_mm": 50.0, "diameter_cad_mm": 50.0, "material": "GI", "diameter_from_cad": 1, "flow_lps": 0.1179, "velocity_ms": 0.06 }, "geometry": { "type": "LineString", "coordinates": [ [ 72.916366, 19.136837 ], [ 72.916365, 19.136904 ] ] } },
{ "type": "Feature", "properties": { "pipe_id": "P211", "node1": "J169", "node2": "J191", "length_m": 51.13, "diameter_mm": 40.0, "diameter_cad_mm": 40.0, "material": null, "diameter_from_cad": 1, "flow_lps": -1.3643, "velocity_ms": 1.0856 }, "geometry": { "type": "LineString", "coordinates": [ [ 72.916523, 19.126527 ], [ 72.916972, 19.126704 ] ] } },
{ "type": "Feature", "properties": { "pipe_id": "P212", "node1": "J172", "node2": "J169", "length_m": 9.04, "diameter_mm": 50.0, "diameter_cad_mm": 50.0, "material": null, "diameter_from_cad": 1, "flow_lps": -0.38209999, "velocity_ms": 0.1946 }, "geometry": { "type": "LineString", "coordinates": [ [ 72.91656, 19.126454 ], [ 72.916523, 19.126527 ] ] } },
{ "type": "Feature", "properties": { "pipe_id": "P213", "node1": "J179", "node2": "J171", "length_m": 15.93, "diameter_mm": 50.0, "diameter_cad_mm": 50.0, "material": "UNK", "diameter_from_cad": 0, "flow_lps": 0.41769999, "velocity_ms": 0.21269999 }, "geometry": { "type": "LineString", "coordinates": [ [ 72.916625, 19.128257 ], [ 72.916532, 19.128371 ] ] } },
{ "type": "Feature", "properties": { "pipe_id": "P214", "node1": "J172", "node2": "J177", "length_m": 8.7, "diameter_mm": 50.0, "diameter_cad_mm": 50.0, "material": null, "diameter_from_cad": 1, "flow_lps": 0.0587, "velocity_ms": 0.0299 }, "geometry": { "type": "LineString", "coordinates": [ [ 72.91656, 19.126454 ], [ 72.916638, 19.12648 ] ] } },
{ "type": "Feature", "properties": { "pipe_id": "P215", "node1": "J184", "node2": "J172", "length_m": 68.37, "diameter_mm": 40.0, "diameter_cad_mm": 40.0, "material": null, "diameter_from_cad": 1, "flow_lps": 0.62779999, "velocity_ms": 0.49959999 }, "geometry": { "type": "LineString", "coordinates": [ [ 72.91684, 19.125897 ], [ 72.91656, 19.126454 ] ] } },
{ "type": "Feature", "properties": { "pipe_id": "P216", "node1": "J173", "node2": "J174", "length_m": 20.93, "diameter_mm": 75.0, "diameter_cad_mm": 75.0, "material": "GI", "diameter_from_cad": 1, "flow_lps": 0.39590001, "velocity_ms": 0.089599997 }, "geometry": { "type": "LineString", "coordinates": [ [ 72.916447, 19.136361 ], [ 72.916445, 19.136528 ], [ 72.916445, 19.13655 ] ] } },
{ "type": "Feature", "properties": { "pipe_id": "P217", "node1": "J173", "node2": "J190", "length_m": 42.5, "diameter_mm": 75.0, "diameter_cad_mm": 75.0, "material": "GI", "diameter_from_cad": 1, "flow_lps": -1.3475, "velocity_ms": 0.30500001 }, "geometry": { "type": "LineString", "coordinates": [ [ 72.916447, 19.136361 ], [ 72.916849, 19.136319 ] ] } },
{ "type": "Feature", "properties": { "pipe_id": "P218", "node1": "J178", "node2": "J174", "length_m": 7.55, "diameter_mm": 50.0, "diameter_cad_mm": 50.0, "material": "GI", "diameter_from_cad": 1, "flow_lps": -0.0579, "velocity_ms": 0.0295 }, "geometry": { "type": "LineString", "coordinates": [ [ 72.916516, 19.13655 ], [ 72.916445, 19.13655 ] ] } },
{ "type": "Feature", "properties": { "pipe_id": "P219", "node1": "J176", "node2": "J187", "length_m": 33.74, "diameter_mm": 50.0, "diameter_cad_mm": 50.0, "material": null, "diameter_from_cad": 1, "flow_lps": -0.43439999, "velocity_ms": 0.22130001 }, "geometry": { "type": "LineString", "coordinates": [ [ 72.916545, 19.132621 ], [ 72.916548, 19.132583 ], [ 72.91663, 19.132587 ], [ 72.916653, 19.132592 ], [ 72.916828, 19.132599 ] ] } },
{ "type": "Feature", "properties": { "pipe_id": "P220", "node1": "J179", "node2": "J182", "length_m": 10.27, "diameter_mm": 100.0, "diameter_cad_mm": 100.0, "material": "UNK", "diameter_from_cad": 0, "flow_lps": 1.1445, "velocity_ms": 0.14569999 }, "geometry": { "type": "LineString", "coordinates": [ [ 72.916625, 19.128257 ], [ 72.916723, 19.128261 ] ] } },
{ "type": "Feature", "properties": { "pipe_id": "P221", "node1": "J186", "node2": "J180", "length_m": 55.92, "diameter_mm": 50.0, "diameter_cad_mm": 50.0, "material": "UNK", "diameter_from_cad": 0, "flow_lps": 0.53619999, "velocity_ms": 0.27309999 }, "geometry": { "type": "LineString", "coordinates": [ [ 72.916799, 19.13294 ], [ 72.916771, 19.133291 ], [ 72.916609, 19.13328 ] ] } },
{ "type": "Feature", "properties": { "pipe_id": "P222", "node1": "J182", "node2": "J181", "length_m": 13.69, "diameter_mm": 50.0, "diameter_cad_mm": 50.0, "material": "UNK", "diameter_from_cad": 0, "flow_lps": 0.1407, "velocity_ms": 0.0717 }, "geometry": { "type": "LineString", "coordinates": [ [ 72.916723, 19.128261 ], [ 72.9167, 19.12814 ] ] } },
{ "type": "Feature", "properties": { "pipe_id": "P223", "node1": "J182", "node2": "J183", "length_m": 4.94, "diameter_mm": 100.0, "diameter_cad_mm": 100.0, "material": "UNK", "diameter_from_cad": 0, "flow_lps": 0.99559999, "velocity_ms": 0.1268 }, "geometry": { "type": "LineString", "coordinates": [ [ 72.916723, 19.128261 ], [ 72.91677, 19.128263 ] ] } },
{ "type": "Feature", "properties": { "pipe_id": "P224", "node1": "J183", "node2": "J228", "length_m": 118.47, "diameter_mm": 100.0, "diameter_cad_mm": 100.0, "material": "UNK", "diameter_from_cad": 0, "flow_lps": 0.58179998, "velocity_ms": 0.074100003 }, "geometry": { "type": "LineString", "coordinates": [ [ 72.91677, 19.128263 ], [ 72.916825, 19.128266 ], [ 72.916855, 19.12828 ], [ 72.917019, 19.128362 ], [ 72.917071, 19.128413 ], [ 72.917846, 19.128463 ] ] } },
{ "type": "Feature", "properties": { "pipe_id": "P225", "node1": "J183", "node2": "J192", "length_m": 121.55, "diameter_mm": 50.0, "diameter_cad_mm": 50.0, "material": "UNK", "diameter_from_cad": 0, "flow_lps": 0.22149999, "velocity_ms": 0.1128 }, "geometry": { "type": "LineString", "coordinates": [ [ 72.91677, 19.128263 ], [ 72.916757, 19.127739 ], [ 72.916987, 19.127434 ], [ 72.917065, 19.12733 ], [ 72.917009, 19.127283 ] ] } },
{ "type": "Feature", "properties": { "pipe_id": "P226", "node1": "J195", "node2": "J184", "length_m": 96.71, "diameter_mm": 50.0, "diameter_cad_mm": 40.0, "material": null, "diameter_from_cad": 1, "flow_lps": 1.4739, "velocity_ms": 0.75059998 }, "geometry": { "type": "LineString", "coordinates": [ [ 72.917102, 19.126647 ], [ 72.917128, 19.126599 ], [ 72.917149, 19.126208 ], [ 72.91684, 19.125897 ] ] } },
{ "type": "Feature", "properties": { "pipe_id": "P227", "node1": "J187", "node2": "J186", "length_m": 37.94, "diameter_mm": 75.0, "diameter_cad_mm": 75.0, "material": null, "diameter_from_cad": 1, "flow_lps": -0.1086, "velocity_ms": 0.0246 }, "geometry": { "type": "LineString", "coordinates": [ [ 72.916828, 19.132599 ], [ 72.916799, 19.13294 ] ] } },
{ "type": "Feature", "properties": { "pipe_id": "P228", "node1": "J186", "node2": "J205", "length_m": 116.41, "diameter_mm": 75.0, "diameter_cad_mm": 75.0, "material": null, "diameter_from_cad": 1, "flow_lps": -0.77590001, "velocity_ms": 0.17560001 }, "geometry": { "type": "LineString", "coordinates": [ [ 72.916799, 19.13294 ], [ 72.916918, 19.132938 ], [ 72.916946, 19.13249 ], [ 72.91705, 19.132494 ], [ 72.917049, 19.132517 ], [ 72.917199, 19.13254 ], [ 72.917205, 19.132354 ], [ 72.917202, 19.132354 ], [ 72.917199, 19.132354 ], [ 72.917196, 19.132353 ], [ 72.917194, 19.132353 ], [ 72.917191, 19.132352 ], [ 72.917188, 19.132351 ], [ 72.917186, 19.132349 ], [ 72.917183, 19.132348 ], [ 72.917181, 19.132346 ], [ 72.917178, 19.132345 ], [ 72.917176, 19.132343 ], [ 72.917174, 19.132341 ], [ 72.917172, 19.132339 ], [ 72.917171, 19.132336 ] ] } },
{ "type": "Feature", "properties": { "pipe_id": "P229", "node1": "J189", "node2": "J187", "length_m": 31.85, "diameter_mm": 75.0, "diameter_cad_mm": 75.0, "material": null, "diameter_from_cad": 1, "flow_lps": 0.39469999, "velocity_ms": 0.0893 }, "geometry": { "type": "LineString", "coordinates": [ [ 72.916852, 19.132312 ], [ 72.916852, 19.132331 ], [ 72.916838, 19.132468 ], [ 72.916828, 19.132599 ] ] } },
{ "type": "Feature", "properties": { "pipe_id": "P230", "node1": "J201", "node2": "J188", "length_m": 28.11, "diameter_mm": 75.0, "diameter_cad_mm": 75.0, "material": null, "diameter_from_cad": 1, "flow_lps": 1.3372, "velocity_ms": 0.30270001 }, "geometry": { "type": "LineString", "coordinates": [ [ 72.917118, 19.13231 ], [ 72.916936, 19.132301 ], [ 72.916852, 19.132287 ] ] } },
{ "type": "Feature", "properties": { "pipe_id": "P231", "node1": "J188", "node2": "J189", "length_m": 2.73, "diameter_mm": 150.0, "diameter_cad_mm": 150.0, "material": null, "diameter_from_cad": 1, "flow_lps": -0.0015, "velocity_ms": 0.0001 }, "geometry": { "type": "LineString", "coordinates": [ [ 72.916852, 19.132287 ], [ 72.916852, 19.132312 ] ] } },
{ "type": "Feature", "properties": { "pipe_id": "P232", "node1": "J189", "node2": "J205", "length_m": 33.67, "diameter_mm": 75.0, "diameter_cad_mm": 75.0, "material": null, "diameter_from_cad": 1, "flow_lps": -1.4579999, "velocity_ms": 0.33 }, "geometry": { "type": "LineString", "coordinates": [ [ 72.916852, 19.132312 ], [ 72.916933, 19.132325 ], [ 72.917171, 19.132336 ] ] } },
{ "type": "Feature", "properties": { "pipe_id": "P233", "node1": "J190", "node2": "J196", "length_m": 14.03, "diameter_mm": 50.0, "diameter_cad_mm": 50.0, "material": "GI", "diameter_from_cad": 1, "flow_lps": -2.8484001, "velocity_ms": 1.4507 }, "geometry": { "type": "LineString", "coordinates": [ [ 72.916849, 19.136319 ], [ 72.916982, 19.136324 ] ] } },
{ "type": "Feature", "properties": { "pipe_id": "P234", "node1": "J212", "node2": "J190", "length_m": 152.89, "diameter_mm": 50.0, "diameter_cad_mm": 50.0, "material": "UNK", "diameter_from_cad": 0, "flow_lps": -0.23109999, "velocity_ms": 0.1177 }, "geometry": { "type": "LineString", "coordinates": [ [ 72.917362, 19.137421 ], [ 72.917171, 19.13722 ], [ 72.916841, 19.137088 ], [ 72.916842, 19.136873 ], [ 72.916849, 19.136319 ] ] } },
{ "type": "Feature", "properties": { "pipe_id": "P235", "node1": "J191", "node2": "J195", "length_m": 20.29, "diameter_mm": 150.0, "diameter_cad_mm": 40.0, "material": null, "diameter_from_cad": 1, "flow_lps": -14.1168, "velocity_ms": 0.79890001 }, "geometry": { "type": "LineString", "coordinates": [ [ 72.916972, 19.126704 ], [ 72.917052, 19.126736 ], [ 72.917102, 19.126647 ] ] } },
{ "type": "Feature", "properties": { "pipe_id": "P236", "node1": "J191", "node2": "J193", "length_m": 10.0, "diameter_mm": 40.0, "diameter_cad_mm": 40.0, "material": null, "diameter_from_cad": 1, "flow_lps": 0.008, "velocity_ms": 0.0063 }, "geometry": { "type": "LineString", "coordinates": [ [ 72.916972, 19.126704 ], [ 72.916988, 19.126668 ], [ 72.917033, 19.126697 ] ] } },
{ "type": "Feature", "properties": { "pipe_id": "P237", "node1": "J194", "node2": "J211", "length_m": 96.25, "diameter_mm": 50.0, "diameter_cad_mm": 50.0, "material": "GI", "diameter_from_cad": 1, "flow_lps": -0.2218, "velocity_ms": 0.113 }, "geometry": { "type": "LineString", "coordinates": [ [ 72.916962, 19.13597 ], [ 72.917063, 19.135972 ], [ 72.917258, 19.13581 ], [ 72.917274, 19.136337 ], [ 72.917274, 19.136337 ] ] } },
{ "type": "Feature", "properties": { "pipe_id": "P238", "node1": "J195", "node2": "J198", "length_m": 7.99, "diameter_mm": 150.0, "diameter_cad_mm": 40.0, "material": null, "diameter_from_cad": 1, "flow_lps": -15.6055, "velocity_ms": 0.88309997 }, "geometry": { "type": "LineString", "coordinates": [ [ 72.917102, 19.126647 ], [ 72.917172, 19.126675 ] ] } },
{ "type": "Feature", "properties": { "pipe_id": "P239", "node1": "J196", "node2": "J202", "length_m": 9.06, "diameter_mm": 75.0, "diameter_cad_mm": 50.0, "material": "GI", "diameter_from_cad": 1, "flow_lps": -3.5627999, "velocity_ms": 0.8064 }, "geometry": { "type": "LineString", "coordinates": [ [ 72.916982, 19.136324 ], [ 72.917068, 19.136328 ] ] } },
{ "type": "Feature", "properties": { "pipe_id": "P240", "node1": "J196", "node2": "J206", "length_m": 293.06, "diameter_mm": 50.0, "diameter_cad_mm": 50.0, "material": "UNK", "diameter_from_cad": 0, "flow_lps": 0.7, "velocity_ms": 0.3565 }, "geometry": { "type": "LineString", "coordinates": [ [ 72.916982, 19.136324 ], [ 72.916984, 19.13616 ], [ 72.916957, 19.136067 ], [ 72.917008, 19.135054 ], [ 72.917024, 19.134469 ], [ 72.917158, 19.134254 ], [ 72.917178, 19.13377 ], [ 72.91719, 19.133719 ] ] } },
{ "type": "Feature", "properties": { "pipe_id": "P241", "node1": "J197", "node2": "J214", "length_m": 205.25, "diameter_mm": 50.0, "diameter_cad_mm": 50.0, "material": "GI", "diameter_from_cad": 1, "flow_lps": -0.82370001, "velocity_ms": 0.41949999 }, "geometry": { "type": "LineString", "coordinates": [ [ 72.91701, 19.134966 ], [ 72.917452, 19.135094 ], [ 72.917507, 19.135777 ], [ 72.917476, 19.136254 ], [ 72.917443, 19.136253 ], [ 72.917443, 19.1362 ], [ 72.917443, 19.136344 ], [ 72.917468, 19.136345 ] ] } },
{ "type": "Feature", "properties": { "pipe_id": "P242", "node1": "J198", "node2": "J215", "length_m": 71.18, "diameter_mm": 150.0, "diameter_cad_mm": 100.0, "material": "UNK", "diameter_from_cad": 0, "flow_lps": -15.8247, "velocity_ms": 0.8955 }, "geometry": { "type": "LineString", "coordinates": [ [ 72.917172, 19.126675 ], [ 72.917216, 19.126692 ], [ 72.917308, 19.126857 ], [ 72.91735, 19.1269 ], [ 72.917599, 19.127161 ] ] } },
{ "type": "Feature", "properties": { "pipe_id": "P243", "node1": "J198", "node2": "J199", "length_m": 25.43, "diameter_mm": 40.0, "diameter_cad_mm": 40.0, "material": null, "diameter_from_cad": 1, "flow_lps": 0.0717, "velocity_ms": 0.057100002 }, "geometry": { "type": "LineString", "coordinates": [ [ 72.917172, 19.126675 ], [ 72.91726, 19.126771 ], [ 72.917181, 19.126841 ] ] } },
{ "type": "Feature", "properties": { "pipe_id": "P244", "node1": "J198", "node2": "J203", "length_m": 10.76, "diameter_mm": 40.0, "diameter_cad_mm": 40.0, "material": null, "diameter_from_cad": 1, "flow_lps": 0.129, "velocity_ms": 0.1026 }, "geometry": { "type": "LineString", "coordinates": [ [ 72.917172, 19.126675 ], [ 72.917194, 19.12658 ] ] } },
{ "type": "Feature", "properties": { "pipe_id": "P245", "node1": "J202", "node2": "J200", "length_m": 11.26, "diameter_mm": 50.0, "diameter_cad_mm": 50.0, "material": "GI", "diameter_from_cad": 1, "flow_lps": 0.038199998, "velocity_ms": 0.0195 }, "geometry": { "type": "LineString", "coordinates": [ [ 72.917068, 19.136328 ], [ 72.917063, 19.13643 ] ] } },
{ "type": "Feature", "properties": { "pipe_id": "P246", "node1": "J204", "node2": "J201", "length_m": 4.82, "diameter_mm": 75.0, "diameter_cad_mm": 75.0, "material": null, "diameter_from_cad": 1, "flow_lps": 0.458, "velocity_ms": 0.1037 }, "geometry": { "type": "LineString", "coordinates": [ [ 72.917164, 19.132312 ], [ 72.917118, 19.13231 ] ] } },
{ "type": "Feature", "properties": { "pipe_id": "P247", "node1": "J201", "node2": "J204", "length_m": 37.92, "diameter_mm": 150.0, "diameter_cad_mm": 150.0, "material": null, "diameter_from_cad": 1, "flow_lps": -0.93089998, "velocity_ms": 0.052700002 }, "geometry": { "type": "LineString", "coordinates": [ [ 72.917118, 19.13231 ], [ 72.917128, 19.132193 ], [ 72.917208, 19.132188 ], [ 72.917208, 19.132274 ], [ 72.917205, 19.132274 ], [ 72.917202, 19.132275 ], [ 72.9172, 19.132275 ], [ 72.917197, 19.132275 ], [ 72.917194, 19.132276 ], [ 72.917191, 19.132277 ], [ 72.917188, 19.132278 ], [ 72.917186, 19.132279 ], [ 72.917183, 19.132281 ], [ 72.917181, 19.132282 ], [ 72.917179, 19.132284 ], [ 72.917177, 19.132286 ], [ 72.917175, 19.132288 ], [ 72.917173, 19.13229 ], [ 72.917171, 19.132292 ], [ 72.917169, 19.132294 ], [ 72.917168, 19.132297 ], [ 72.917167, 19.132299 ], [ 72.917166, 19.132302 ], [ 72.917165, 19.132305 ], [ 72.917164, 19.132307 ], [ 72.917164, 19.13231 ], [ 72.917164, 19.132312 ] ] } },
{ "type": "Feature", "properties": { "pipe_id": "P248", "node1": "J202", "node2": "J210", "length_m": 21.0, "diameter_mm": 75.0, "diameter_cad_mm": 50.0, "material": "GI", "diameter_from_cad": 1, "flow_lps": -3.6187, "velocity_ms": 0.81910002 }, "geometry": { "type": "LineString", "coordinates": [ [ 72.917068, 19.136328 ], [ 72.91724, 19.136335 ], [ 72.917267, 19.136336 ] ] } },
{ "type": "Feature", "properties": { "pipe_id": "P249", "node1": "J232", "node2": "J204", "length_m": 118.81, "diameter_mm": 150.0, "diameter_cad_mm": 150.0, "material": null, "diameter_from_cad": 1, "flow_lps": -15.5875, "velocity_ms": 0.88209999 }, "geometry": { "type": "LineString", "coordinates": [ [ 72.91795, 19.131981 ], [ 72.91766, 19.13199 ], [ 72.917639, 19.132335 ], [ 72.917164, 19.132312 ] ] } },
{ "type": "Feature", "properties": { "pipe_id": "P250", "node1": "J205", "node2": "J204", "length_m": 2.82, "diameter_mm": 150.0, "diameter_cad_mm": 150.0, "material": null, "diameter_from_cad": 1, "flow_lps": 17.047899, "velocity_ms": 0.96469998 }, "geometry": { "type": "LineString", "coordinates": [ [ 72.917171, 19.132336 ], [ 72.917171, 19.132336 ], [ 72.917169, 19.132334 ], [ 72.917168, 19.132332 ], [ 72.917167, 19.132329 ], [ 72.917166, 19.132326 ], [ 72.917165, 19.132324 ], [ 72.917164, 19.132321 ], [ 72.917164, 19.132318 ], [ 72.917164, 19.132316 ], [ 72.917164, 19.132313 ], [ 72.917164, 19.132312 ] ] } },
{ "type": "Feature", "properties": { "pipe_id": "P251", "node1": "J205", "node2": "J227", "length_m": 62.88, "diameter_mm": 150.0, "diameter_cad_mm": 150.0, "material": null, "diameter_from_cad": 1, "flow_lps": -19.3459, "velocity_ms": 1.0948 }, "geometry": { "type": "LineString", "coordinates": [ [ 72.917171, 19.132336 ], [ 72.917631, 19.132358 ], [ 72.917768, 19.132365 ] ] } },
{ "type": "Feature", "properties": { "pipe_id": "P252", "node1": "J207", "node2": "J208", "length_m": 8.3, "diameter_mm": 50.0, "diameter_cad_mm": 50.0, "material": "UNK", "diameter_from_cad": 0, "flow_lps": 0.063600004, "velocity_ms": 0.032400001 }, "geometry": { "type": "LineString", "coordinates": [ [ 72.917245, 19.136524 ], [ 72.917251, 19.136598 ] ] } },
{ "type": "Feature", "properties": { "pipe_id": "P253", "node1": "J207", "node2": "J209", "length_m": 19.54, "diameter_mm": 100.0, "diameter_cad_mm": 100.0, "material": "UNK", "diameter_from_cad": 0, "flow_lps": -0.039299998, "velocity_ms": 0.005 }, "geometry": { "type": "LineString", "coordinates": [ [ 72.917245, 19.136524 ], [ 72.917236, 19.136411 ], [ 72.917265, 19.136354 ] ] } },
{ "type": "Feature", "properties": { "pipe_id": "P254", "node1": "J207", "node2": "J209", "length_m": 18.93, "diameter_mm": 100.0, "diameter_cad_mm": 100.0, "material": "UNK", "diameter_from_cad": 0, "flow_lps": -0.04, "velocity_ms": 0.0051 }, "geometry": { "type": "LineString", "coordinates": [ [ 72.917245, 19.136524 ], [ 72.917265, 19.136354 ] ] } },
{ "type": "Feature", "properties": { "pipe_id": "P255", "node1": "J209", "node2": "J210", "length_m": 1.92, "diameter_mm": 50.0, "diameter_cad_mm": 50.0, "material": "GI", "diameter_from_cad": 1, "flow_lps": 0.38589999, "velocity_ms": 0.19660001 }, "geometry": { "type": "LineString", "coordinates": [ [ 72.917265, 19.136354 ], [ 72.917267, 19.136336 ] ] } },
{ "type": "Feature", "properties": { "pipe_id": "P256", "node1": "J209", "node2": "J211", "length_m": 2.07, "diameter_mm": 50.0, "diameter_cad_mm": 50.0, "material": "GI", "diameter_from_cad": 1, "flow_lps": -0.47369999, "velocity_ms": 0.2413 }, "geometry": { "type": "LineString", "coordinates": [ [ 72.917265, 19.136354 ], [ 72.917274, 19.136337 ] ] } },
{ "type": "Feature", "properties": { "pipe_id": "P257", "node1": "J210", "node2": "J211", "length_m": 0.69, "diameter_mm": 75.0, "diameter_cad_mm": 50.0, "material": "GI", "diameter_from_cad": 1, "flow_lps": -3.2472, "velocity_ms": 0.73500001 }, "geometry": { "type": "LineString", "coordinates": [ [ 72.917267, 19.136336 ], [ 72.917274, 19.136337 ] ] } },
{ "type": "Feature", "properties": { "pipe_id": "P258", "node1": "J211", "node2": "J214", "length_m": 20.51, "diameter_mm": 100.0, "diameter_cad_mm": 100.0, "material": "UNK", "diameter_from_cad": 0, "flow_lps": -3.9566, "velocity_ms": 0.50379997 }, "geometry": { "type": "LineString", "coordinates": [ [ 72.917274, 19.136337 ], [ 72.917293, 19.136338 ], [ 72.917468, 19.136345 ] ] } },
{ "type": "Feature", "properties": { "pipe_id": "P259", "node1": "J213", "node2": "J214", "length_m": 57.74, "diameter_mm": 50.0, "diameter_cad_mm": 50.0, "material": "UNK", "diameter_from_cad": 0, "flow_lps": -0.1419, "velocity_ms": 0.072300002 }, "geometry": { "type": "LineString", "coordinates": [ [ 72.917414, 19.136863 ], [ 72.917413, 19.136754 ], [ 72.917432, 19.136609 ], [ 72.917468, 19.136345 ] ] } },
{ "type": "Feature", "properties": { "pipe_id": "P260", "node1": "J214", "node2": "J222", "length_m": 15.1, "diameter_mm": 100.0, "diameter_cad_mm": 100.0, "material": "UNK", "diameter_from_cad": 0, "flow_lps": -4.9503002, "velocity_ms": 0.63029999 }, "geometry": { "type": "LineString", "coordinates": [ [ 72.917468, 19.136345 ], [ 72.917612, 19.136351 ] ] } },
{ "type": "Feature", "properties": { "pipe_id": "P261", "node1": "J215", "node2": "J234", "length_m": 61.37, "diameter_mm": 150.0, "diameter_cad_mm": 100.0, "material": "UNK", "diameter_from_cad": 0, "flow_lps": -16.1506, "velocity_ms": 0.91390002 }, "geometry": { "type": "LineString", "coordinates": [ [ 72.917599, 19.127161 ], [ 72.917716, 19.127285 ], [ 72.91783, 19.127432 ], [ 72.918044, 19.127457 ] ] } },
{ "type": "Feature", "properties": { "pipe_id": "P262", "node1": "J215", "node2": "J218", "length_m": 34.87, "diameter_mm": 50.0, "diameter_cad_mm": 50.0, "material": "UNK", "diameter_from_cad": 0, "flow_lps": 0.1576, "velocity_ms": 0.080300003 }, "geometry": { "type": "LineString", "coordinates": [ [ 72.917599, 19.127161 ], [ 72.917747, 19.127325 ], [ 72.917686, 19.127405 ] ] } },
{ "type": "Feature", "properties": { "pipe_id": "P263", "node1": "J215", "node2": "J217", "length_m": 12.0, "diameter_mm": 50.0, "diameter_cad_mm": 50.0, "material": "UNK", "diameter_from_cad": 0, "flow_lps": 0.1127, "velocity_ms": 0.0574 }, "geometry": { "type": "LineString", "coordinates": [ [ 72.917599, 19.127161 ], [ 72.917684, 19.12709 ] ] } },
{ "type": "Feature", "properties": { "pipe_id": "P264", "node1": "J223", "node2": "J219", "length_m": 34.9, "diameter_mm": 50.0, "diameter_cad_mm": 50.0, "material": null, "diameter_from_cad": 1, "flow_lps": 0.38749999, "velocity_ms": 0.1974 }, "geometry": { "type": "LineString", "coordinates": [ [ 72.917663, 19.132817 ], [ 72.917653, 19.132981 ], [ 72.917614, 19.133127 ] ] } },
{ "type": "Feature", "properties": { "pipe_id": "P265", "node1": "J232", "node2": "J220", "length_m": 87.71, "diameter_mm": 40.0, "diameter_cad_mm": 40.0, "material": null, "diameter_from_cad": 1, "flow_lps": 0.5862, "velocity_ms": 0.46650001 }, "geometry": { "type": "LineString", "coordinates": [ [ 72.91795, 19.131981 ], [ 72.917962, 19.131569 ], [ 72.917665, 19.131552 ], [ 72.917666, 19.131454 ] ] } },
{ "type": "Feature", "properties": { "pipe_id": "P266", "node1": "J222", "node2": "J221", "length_m": 25.1, "diameter_mm": 50.0, "diameter_cad_mm": 50.0, "material": "UNK", "diameter_from_cad": 0, "flow_lps": 0.1542, "velocity_ms": 0.078500003 }, "geometry": { "type": "LineString", "coordinates": [ [ 72.917612, 19.136351 ], [ 72.917615, 19.136124 ] ] } },
{ "type": "Feature", "properties": { "pipe_id": "P267", "node1": "J222", "node2": "J224", "length_m": 1.49, "diameter_mm": 100.0, "diameter_cad_mm": 100.0, "material": "UNK", "diameter_from_cad": 0, "flow_lps": -2.5825, "velocity_ms": 0.32879999 }, "geometry": { "type": "LineString", "coordinates": [ [ 72.917612, 19.136351 ], [ 72.917626, 19.136351 ] ] } },
{ "type": "Feature", "properties": { "pipe_id": "P268", "node1": "J224", "node2": "J222", "length_m": 1.54, "diameter_mm": 100.0, "diameter_cad_mm": 100.0, "material": "UNK", "diameter_from_cad": 0, "flow_lps": 2.5369, "velocity_ms": 0.32300001 }, "geometry": { "type": "LineString", "coordinates": [ [ 72.917626, 19.136351 ], [ 72.917612, 19.136351 ], [ 72.917612, 19.136351 ] ] } },
{ "type": "Feature", "properties": { "pipe_id": "P269", "node1": "J223", "node2": "J229", "length_m": 18.09, "diameter_mm": 50.0, "diameter_cad_mm": 50.0, "material": null, "diameter_from_cad": 1, "flow_lps": 0.1322, "velocity_ms": 0.0673 }, "geometry": { "type": "LineString", "coordinates": [ [ 72.917663, 19.132817 ], [ 72.917835, 19.132819 ] ] } },
{ "type": "Feature", "properties": { "pipe_id": "P270", "node1": "J226", "node2": "J223", "length_m": 45.51, "diameter_mm": 50.0, "diameter_cad_mm": 50.0, "material": null, "diameter_from_cad": 1, "flow_lps": 0.6, "velocity_ms": 0.30559999 }, "geometry": { "type": "LineString", "coordinates": [ [ 72.917761, 19.132484 ], [ 72.917684, 19.13248 ], [ 72.917663, 19.132817 ] ] } },
{ "type": "Feature", "properties": { "pipe_id": "P271", "node1": "J231", "node2": "J224", "length_m": 27.4, "diameter_mm": 100.0, "diameter_cad_mm": 100.0, "material": "UNK", "diameter_from_cad": 0, "flow_lps": 2.5718999, "velocity_ms": 0.32749999 }, "geometry": { "type": "LineString", "coordinates": [ [ 72.917886, 19.136361 ], [ 72.917626, 19.136351 ], [ 72.917626, 19.136351 ] ] } },
{ "type": "Feature", "properties": { "pipe_id": "P272", "node1": "J224", "node2": "J231", "length_m": 27.4, "diameter_mm": 100.0, "diameter_cad_mm": 100.0, "material": "UNK", "diameter_from_cad": 0, "flow_lps": -2.5718999, "velocity_ms": 0.32749999 }, "geometry": { "type": "LineString", "coordinates": [ [ 72.917626, 19.136351 ], [ 72.917886, 19.136361 ] ] } },
{ "type": "Feature", "properties": { "pipe_id": "P273", "node1": "J228", "node2": "J225", "length_m": 23.17, "diameter_mm": 50.0, "diameter_cad_mm": 50.0, "material": "UNK", "diameter_from_cad": 0, "flow_lps": 0.3348, "velocity_ms": 0.1705 }, "geometry": { "type": "LineString", "coordinates": [ [ 72.917846, 19.128463 ], [ 72.91775, 19.128651 ] ] } },
{ "type": "Feature", "properties": { "pipe_id": "P274", "node1": "J226", "node2": "J238", "length_m": 39.46, "diameter_mm": 50.0, "diameter_cad_mm": 50.0, "material": null, "diameter_from_cad": 1, "flow_lps": 0.1585, "velocity_ms": 0.080700003 }, "geometry": { "type": "LineString", "coordinates": [ [ 72.917761, 19.132484 ], [ 72.917902, 19.13249 ], [ 72.917977, 19.132491 ], [ 72.917977, 19.132534 ], [ 72.918065, 19.132535 ], [ 72.918066, 19.132512 ] ] } },
{ "type": "Feature", "properties": { "pipe_id": "P275", "node1": "J227", "node2": "J226", "length_m": 13.25, "diameter_mm": 50.0, "diameter_cad_mm": 50.0, "material": null, "diameter_from_cad": 1, "flow_lps": 0.80580002, "velocity_ms": 0.4104 }, "geometry": { "type": "LineString", "coordinates": [ [ 72.917768, 19.132365 ], [ 72.917761, 19.132484 ] ] } },
{ "type": "Feature", "properties": { "pipe_id": "P276", "node1": "J254", "node2": "J227", "length_m": 164.68, "diameter_mm": 150.0, "diameter_cad_mm": 100.0, "material": "UNK", "diameter_from_cad": 0, "flow_lps": 20.2253, "velocity_ms": 1.1445 }, "geometry": { "type": "LineString", "coordinates": [ [ 72.919051, 19.131985 ], [ 72.918874, 19.131983 ], [ 72.918377, 19.132071 ], [ 72.917797, 19.132079 ], [ 72.917768, 19.132365 ] ] } },
{ "type": "Feature", "properties": { "pipe_id": "P277", "node1": "J228", "node2": "J230", "length_m": 20.99, "diameter_mm": 50.0, "diameter_cad_mm": 50.0, "material": "UNK", "diameter_from_cad": 0, "flow_lps": 0.102, "velocity_ms": 0.052 }, "geometry": { "type": "LineString", "coordinates": [ [ 72.917846, 19.128463 ], [ 72.917925, 19.128468 ], [ 72.917919, 19.128354 ] ] } },
{ "type": "Feature", "properties": { "pipe_id": "P278", "node1": "J228", "node2": "J237", "length_m": 23.89, "diameter_mm": 50.0, "diameter_cad_mm": 50.0, "material": "UNK", "diameter_from_cad": 0, "flow_lps": 0.0783, "velocity_ms": 0.039900001 }, "geometry": { "type": "LineString", "coordinates": [ [ 72.917846, 19.128463 ], [ 72.918072, 19.128477 ] ] } },
{ "type": "Feature", "properties": { "pipe_id": "P279", "node1": "J231", "node2": "J236", "length_m": 36.85, "diameter_mm": 50.0, "diameter_cad_mm": 50.0, "material": "GI", "diameter_from_cad": 1, "flow_lps": 0.4104, "velocity_ms": 0.20900001 }, "geometry": { "type": "LineString", "coordinates": [ [ 72.917886, 19.136361 ], [ 72.917898, 19.136362 ], [ 72.917959, 19.136364 ], [ 72.917963, 19.136101 ] ] } },
{ "type": "Feature", "properties": { "pipe_id": "P280", "node1": "J233", "node2": "J231", "length_m": 41.8, "diameter_mm": 200.0, "diameter_cad_mm": 75.0, "material": "GI", "diameter_from_cad": 1, "flow_lps": 30.979601, "velocity_ms": 0.98610002 }, "geometry": { "type": "LineString", "coordinates": [ [ 72.917901, 19.136738 ], [ 72.917889, 19.13663 ], [ 72.917885, 19.136489 ], [ 72.917886, 19.136361 ] ] } },
{ "type": "Feature", "properties": { "pipe_id": "P281", "node1": "J231", "node2": "J252", "length_m": 475.9, "diameter_mm": 150.0, "diameter_cad_mm": 100.0, "material": "UNK", "diameter_from_cad": 0, "flow_lps": 25.351801, "velocity_ms": 1.4346 }, "geometry": { "type": "LineString", "coordinates": [ [ 72.917886, 19.136361 ], [ 72.917888, 19.136104 ], [ 72.917895, 19.135675 ], [ 72.917902, 19.135117 ], [ 72.917915, 19.135022 ], [ 72.91799, 19.135048 ], [ 72.918322, 19.135026 ], [ 72.91841, 19.134988 ], [ 72.918682, 19.134779 ], [ 72.918859, 19.134673 ], [ 72.919005, 19.134291 ], [ 72.919028, 19.134086 ], [ 72.919067, 19.133664 ], [ 72.919071, 19.133597 ], [ 72.91907, 19.13353 ], [ 72.919064, 19.133464 ], [ 72.919055, 19.133398 ], [ 72.91904, 19.133332 ], [ 72.918992, 19.1333 ], [ 72.918984, 19.133159 ], [ 72.918988, 19.133102 ], [ 72.918973, 19.133059 ], [ 72.918966, 19.132837 ], [ 72.919004, 19.132801 ] ] } },
{ "type": "Feature", "properties": { "pipe_id": "P282", "node1": "J248", "node2": "J232", "length_m": 410.44, "diameter_mm": 150.0, "diameter_cad_mm": 100.0, "material": "UNK", "diameter_from_cad": 0, "flow_lps": -14.7589, "velocity_ms": 0.83520001 }, "geometry": { "type": "LineString", "coordinates": [ [ 72.918818, 19.128976 ], [ 72.918832, 19.129174 ], [ 72.918792, 19.129656 ], [ 72.918789, 19.12989 ], [ 72.91878, 19.130015 ], [ 72.918207, 19.129963 ], [ 72.918169, 19.131033 ], [ 72.91808, 19.131395 ], [ 72.918048, 19.131977 ], [ 72.91795, 19.131981 ] ] } },
{ "type": "Feature", "properties": { "pipe_id": "P283", "node1": "J233", "node2": "J246", "length_m": 243.24, "diameter_mm": 50.0, "diameter_cad_mm": 50.0, "material": "UNK", "diameter_from_cad": 0, "flow_lps": 0.74470001, "velocity_ms": 0.3793 }, "geometry": { "type": "LineString", "coordinates": [ [ 72.917901, 19.136738 ], [ 72.918538, 19.136751 ], [ 72.918533, 19.13715 ], [ 72.918694, 19.137152 ], [ 72.918781, 19.136251 ], [ 72.918639, 19.136249 ] ] } },
{ "type": "Feature", "properties": { "pipe_id": "P284", "node1": "J239", "node2": "J234", "length_m": 31.77, "diameter_mm": 50.0, "diameter_cad_mm": 50.0, "material": "UNK", "diameter_from_cad": 0, "flow_lps": -0.1152, "velocity_ms": 0.058600001 }, "geometry": { "type": "LineString", "coordinates": [ [ 72.918128, 19.127653 ], [ 72.918195, 19.12761 ], [ 72.918044, 19.127457 ] ] } },
{ "type": "Feature", "properties": { "pipe_id": "P285", "node1": "J243", "node2": "J234", "length_m": 67.5, "diameter_mm": 150.0, "diameter_cad_mm": 100.0, "material": "UNK", "diameter_from_cad": 0, "flow_lps": 16.3696, "velocity_ms": 0.92629999 }, "geometry": { "type": "LineString", "coordinates": [ [ 72.918296, 19.128017 ], [ 72.91825, 19.127939 ], [ 72.918044, 19.127457 ] ] } },
{ "type": "Feature", "properties": { "pipe_id": "P286", "node1": "J234", "node2": "J235", "length_m": 7.11, "diameter_mm": 50.0, "diameter_cad_mm": 50.0, "material": "UNK", "diameter_from_cad": 0, "flow_lps": 0.076300003, "velocity_ms": 0.038800001 }, "geometry": { "type": "LineString", "coordinates": [ [ 72.918044, 19.127457 ], [ 72.918063, 19.127396 ] ] } },
{ "type": "Feature", "properties": { "pipe_id": "P287", "node1": "J242", "node2": "J240", "length_m": 7.04, "diameter_mm": 50.0, "diameter_cad_mm": 50.0, "material": "UNK", "diameter_from_cad": 0, "flow_lps": 0.0233, "velocity_ms": 0.0119 }, "geometry": { "type": "LineString", "coordinates": [ [ 72.918188, 19.128344 ], [ 72.918124, 19.128327 ] ] } },
{ "type": "Feature", "properties": { "pipe_id": "P288", "node1": "J242", "node2": "J247", "length_m": 92.84, "diameter_mm": 150.0, "diameter_cad_mm": 100.0, "material": "UNK", "diameter_from_cad": 0, "flow_lps": -11.7714, "velocity_ms": 0.66610003 }, "geometry": { "type": "LineString", "coordinates": [ [ 72.918188, 19.128344 ], [ 72.91816, 19.128525 ], [ 72.918157, 19.128545 ], [ 72.918214, 19.128648 ], [ 72.91838, 19.128659 ], [ 72.918756, 19.128605 ] ] } },
{ "type": "Feature", "properties": { "pipe_id": "P289", "node1": "J243", "node2": "J242", "length_m": 47.32, "diameter_mm": 150.0, "diameter_cad_mm": 100.0, "material": "UNK", "diameter_from_cad": 0, "flow_lps": -11.6957, "velocity_ms": 0.66180003 }, "geometry": { "type": "LineString", "coordinates": [ [ 72.918296, 19.128017 ], [ 72.918166, 19.128125 ], [ 72.918252, 19.128227 ], [ 72.918188, 19.128344 ] ] } },
{ "type": "Feature", "properties": { "pipe_id": "P290", "node1": "J244", "node2": "J243", "length_m": 26.23, "diameter_mm": 100.0, "diameter_cad_mm": 100.0, "material": "UNK", "diameter_from_cad": 0, "flow_lps": 4.7385001, "velocity_ms": 0.60329998 }, "geometry": { "type": "LineString", "coordinates": [ [ 72.918496, 19.127987 ], [ 72.918477, 19.127942 ], [ 72.918296, 19.128017 ] ] } },
{ "type": "Feature", "properties": { "pipe_id": "P291", "node1": "J247", "node2": "J244", "length_m": 73.66, "diameter_mm": 100.0, "diameter_cad_mm": 100.0, "material": "UNK", "diameter_from_cad": 0, "flow_lps": 4.8957, "velocity_ms": 0.62330002 }, "geometry": { "type": "LineString", "coordinates": [ [ 72.918756, 19.128605 ], [ 72.918496, 19.127987 ] ] } },
{ "type": "Feature", "properties": { "pipe_id": "P292", "node1": "J244", "node2": "J245", "length_m": 8.73, "diameter_mm": 50.0, "diameter_cad_mm": 50.0, "material": "UNK", "diameter_from_cad": 0, "flow_lps": 0.1158, "velocity_ms": 0.059 }, "geometry": { "type": "LineString", "coordinates": [ [ 72.918496, 19.127987 ], [ 72.918574, 19.127961 ] ] } },
{ "type": "Feature", "properties": { "pipe_id": "P293", "node1": "J248", "node2": "J247", "length_m": 44.55, "diameter_mm": 150.0, "diameter_cad_mm": 100.0, "material": "UNK", "diameter_from_cad": 0, "flow_lps": 16.892, "velocity_ms": 0.95590001 }, "geometry": { "type": "LineString", "coordinates": [ [ 72.918818, 19.128976 ], [ 72.918842, 19.1287 ], [ 72.918756, 19.128605 ] ] } },
{ "type": "Feature", "properties": { "pipe_id": "P294", "node1": "J274", "node2": "J248", "length_m": 95.92, "diameter_mm": 100.0, "diameter_cad_mm": 100.0, "material": "UNK", "diameter_from_cad": 0, "flow_lps": 2.3241999, "velocity_ms": 0.29589999 }, "geometry": { "type": "LineString", "coordinates": [ [ 72.919376, 19.129315 ], [ 72.919396, 19.128999 ], [ 72.918818, 19.128976 ] ] } },
{ "type": "Feature", "properties": { "pipe_id": "P295", "node1": "J252", "node2": "J249", "length_m": 17.37, "diameter_mm": 50.0, "diameter_cad_mm": 50.0, "material": "UNK", "diameter_from_cad": 0, "flow_lps": 0.26640001, "velocity_ms": 0.1357 }, "geometry": { "type": "LineString", "coordinates": [ [ 72.919004, 19.132801 ], [ 72.918873, 19.132796 ], [ 72.918874, 19.132764 ] ] } },
{ "type": "Feature", "properties": { "pipe_id": "P296", "node1": "J250", "node2": "J254", "length_m": 34.56, "diameter_mm": 50.0, "diameter_cad_mm": 50.0, "material": "UNK", "diameter_from_cad": 0, "flow_lps": -0.1857, "velocity_ms": 0.0946 }, "geometry": { "type": "LineString", "coordinates": [ [ 72.918946, 19.132186 ], [ 72.91895, 19.132145 ], [ 72.919041, 19.132166 ], [ 72.919051, 19.131985 ] ] } },
{ "type": "Feature", "properties": { "pipe_id": "P297", "node1": "J258", "node2": "J251", "length_m": 7.17, "diameter_mm": 50.0, "diameter_cad_mm": 50.0, "material": "UNK", "diameter_from_cad": 0, "flow_lps": 0.1595, "velocity_ms": 0.081200004 }, "geometry": { "type": "LineString", "coordinates": [ [ 72.919082, 19.131542 ], [ 72.919014, 19.131549 ] ] } },
{ "type": "Feature", "properties": { "pipe_id": "P298", "node1": "J252", "node2": "J254", "length_m": 90.46, "diameter_mm": 150.0, "diameter_cad_mm": 100.0, "material": "UNK", "diameter_from_cad": 0, "flow_lps": 24.529301, "velocity_ms": 1.3881 }, "geometry": { "type": "LineString", "coordinates": [ [ 72.919004, 19.132801 ], [ 72.919026, 19.132457 ], [ 72.919051, 19.131985 ] ] } },
{ "type": "Feature", "properties": { "pipe_id": "P299", "node1": "J262", "node2": "J253", "length_m": 8.62, "diameter_mm": 50.0, "diameter_cad_mm": 50.0, "material": "UNK", "diameter_from_cad": 0, "flow_lps": 0.1497, "velocity_ms": 0.076300003 }, "geometry": { "type": "LineString", "coordinates": [ [ 72.919123, 19.13098 ], [ 72.919042, 19.130995 ] ] } },
{ "type": "Feature", "properties": { "pipe_id": "P300", "node1": "J254", "node2": "J258", "length_m": 49.23, "diameter_mm": 100.0, "diameter_cad_mm": 100.0, "material": "UNK", "diameter_from_cad": 0, "flow_lps": 3.9800999, "velocity_ms": 0.5068 }, "geometry": { "type": "LineString", "coordinates": [ [ 72.919051, 19.131985 ], [ 72.919054, 19.131931 ], [ 72.919082, 19.131542 ] ] } },
{ "type": "Feature", "properties": { "pipe_id": "P301", "node1": "J266", "node2": "J255", "length_m": 9.18, "diameter_mm": 50.0, "diameter_cad_mm": 50.0, "material": "GI", "diameter_from_cad": 1, "flow_lps": 0.2013, "velocity_ms": 0.1025 }, "geometry": { "type": "LineString", "coordinates": [ [ 72.919166, 19.130381 ], [ 72.91908, 19.130391 ] ] } },
{ "type": "Feature", "properties": { "pipe_id": "P302", "node1": "J263", "node2": "J256", "length_m": 7.04, "diameter_mm": 50.0, "diameter_cad_mm": 50.0, "material": "GI", "diameter_from_cad": 1, "flow_lps": 0.1217, "velocity_ms": 0.062 }, "geometry": { "type": "LineString", "coordinates": [ [ 72.919143, 19.130707 ], [ 72.919076, 19.130706 ] ] } },
{ "type": "Feature", "properties": { "pipe_id": "P303", "node1": "J257", "node2": "J268", "length_m": 32.08, "diameter_mm": 50.0, "diameter_cad_mm": 50.0, "material": "UNK", "diameter_from_cad": 0, "flow_lps": -0.1224, "velocity_ms": 0.0623 }, "geometry": { "type": "LineString", "coordinates": [ [ 72.919098, 19.129594 ], [ 72.919223, 19.129599 ], [ 72.91921, 19.129769 ] ] } },
{ "type": "Feature", "properties": { "pipe_id": "P304", "node1": "J258", "node2": "J260", "length_m": 41.37, "diameter_mm": 100.0, "diameter_cad_mm": 100.0, "material": "UNK", "diameter_from_cad": 0, "flow_lps": 3.7413001, "velocity_ms": 0.47639999 }, "geometry": { "type": "LineString", "coordinates": [ [ 72.919082, 19.131542 ], [ 72.919109, 19.131169 ] ] } },
{ "type": "Feature", "properties": { "pipe_id": "P305", "node1": "J267", "node2": "J259", "length_m": 8.34, "diameter_mm": 50.0, "diameter_cad_mm": 50.0, "material": "GI", "diameter_from_cad": 1, "flow_lps": 0.1229, "velocity_ms": 0.062600002 }, "geometry": { "type": "LineString", "coordinates": [ [ 72.919197, 19.129961 ], [ 72.919119, 19.129945 ] ] } },
{ "type": "Feature", "properties": { "pipe_id": "P306", "node1": "J260", "node2": "J271", "length_m": 12.06, "diameter_mm": 50.0, "diameter_cad_mm": 50.0, "material": "UNK", "diameter_from_cad": 0, "flow_lps": 0.0548, "velocity_ms": 0.0279 }, "geometry": { "type": "LineString", "coordinates": [ [ 72.919109, 19.131169 ], [ 72.919221, 19.131191 ] ] } },
{ "type": "Feature", "properties": { "pipe_id": "P307", "node1": "J260", "node2": "J261", "length_m": 7.36, "diameter_mm": 100.0, "diameter_cad_mm": 100.0, "material": "UNK", "diameter_from_cad": 0, "flow_lps": 3.6471, "velocity_ms": 0.46439999 }, "geometry": { "type": "LineString", "coordinates": [ [ 72.919109, 19.131169 ], [ 72.919114, 19.131102 ] ] } },
{ "type": "Feature", "properties": { "pipe_id": "P308", "node1": "J261", "node2": "J269", "length_m": 10.1, "diameter_mm": 50.0, "diameter_cad_mm": 50.0, "material": "UNK", "diameter_from_cad": 0, "flow_lps": 0.035500001, "velocity_ms": 0.018100001 }, "geometry": { "type": "LineString", "coordinates": [ [ 72.919114, 19.131102 ], [ 72.919209, 19.131117 ] ] } },
{ "type": "Feature", "properties": { "pipe_id": "P309", "node1": "J261", "node2": "J262", "length_m": 13.58, "diameter_mm": 100.0, "diameter_cad_mm": 100.0, "material": "UNK", "diameter_from_cad": 0, "flow_lps": 3.6050999, "velocity_ms": 0.459 }, "geometry": { "type": "LineString", "coordinates": [ [ 72.919114, 19.131102 ], [ 72.919123, 19.13098 ] ] } },
{ "type": "Feature", "properties": { "pipe_id": "P310", "node1": "J262", "node2": "J263", "length_m": 30.28, "diameter_mm": 100.0, "diameter_cad_mm": 100.0, "material": "UNK", "diameter_from_cad": 0, "flow_lps": 3.4309001, "velocity_ms": 0.4368 }, "geometry": { "type": "LineString", "coordinates": [ [ 72.919123, 19.13098 ], [ 72.919143, 19.130707 ] ] } },
{ "type": "Feature", "properties": { "pipe_id": "P311", "node1": "J263", "node2": "J265", "length_m": 19.59, "diameter_mm": 50.0, "diameter_cad_mm": 50.0, "material": "GI", "diameter_from_cad": 1, "flow_lps": 1.6342, "velocity_ms": 0.83230001 }, "geometry": { "type": "LineString", "coordinates": [ [ 72.919143, 19.130707 ], [ 72.919155, 19.130531 ] ] } },
{ "type": "Feature", "properties": { "pipe_id": "P312", "node1": "J263", "node2": "J264", "length_m": 13.58, "diameter_mm": 50.0, "diameter_cad_mm": 50.0, "material": "GI", "diameter_from_cad": 1, "flow_lps": 1.6533, "velocity_ms": 0.84200001 }, "geometry": { "type": "LineString", "coordinates": [ [ 72.919143, 19.130707 ], [ 72.919151, 19.130585 ] ] } },
{ "type": "Feature", "properties": { "pipe_id": "P313", "node1": "J264", "node2": "J265", "length_m": 6.01, "diameter_mm": 50.0, "diameter_cad_mm": 50.0, "material": "GI", "diameter_from_cad": 1, "flow_lps": 1.5901999, "velocity_ms": 0.80989999 }, "geometry": { "type": "LineString", "coordinates": [ [ 72.919151, 19.130585 ], [ 72.919155, 19.130531 ] ] } },
{ "type": "Feature", "properties": { "pipe_id": "P314", "node1": "J264", "node2": "J273", "length_m": 11.81, "diameter_mm": 50.0, "diameter_cad_mm": 50.0, "material": "GI", "diameter_from_cad": 1, "flow_lps": 0.055100001, "velocity_ms": 0.028100001 }, "geometry": { "type": "LineString", "coordinates": [ [ 72.919151, 19.130585 ], [ 72.919264, 19.130581 ] ] } },
{ "type": "Feature", "properties": { "pipe_id": "P315", "node1": "J265", "node2": "J266", "length_m": 16.66, "diameter_mm": 50.0, "diameter_cad_mm": 50.0, "material": "GI", "diameter_from_cad": 1, "flow_lps": 3.1910999, "velocity_ms": 1.6252 }, "geometry": { "type": "LineString", "coordinates": [ [ 72.919155, 19.130531 ], [ 72.919166, 19.130381 ] ] } },
{ "type": "Feature", "properties": { "pipe_id": "P316", "node1": "J265", "node2": "J272", "length_m": 8.64, "diameter_mm": 50.0, "diameter_cad_mm": 50.0, "material": "GI", "diameter_from_cad": 1, "flow_lps": 0.0256, "velocity_ms": 0.013 }, "geometry": { "type": "LineString", "coordinates": [ [ 72.919155, 19.130531 ], [ 72.919237, 19.130524 ] ] } },
{ "type": "Feature", "properties": { "pipe_id": "P317", "node1": "J266", "node2": "J267", "length_m": 46.58, "diameter_mm": 50.0, "diameter_cad_mm": 50.0, "material": "GI", "diameter_from_cad": 1, "flow_lps": 2.9425001, "velocity_ms": 1.4986 }, "geometry": { "type": "LineString", "coordinates": [ [ 72.919166, 19.130381 ], [ 72.919197, 19.129961 ] ] } },
{ "type": "Feature", "properties": { "pipe_id": "P318", "node1": "J267", "node2": "J268", "length_m": 21.25, "diameter_mm": 50.0, "diameter_cad_mm": 50.0, "material": "GI", "diameter_from_cad": 1, "flow_lps": 2.7467, "velocity_ms": 1.3989 }, "geometry": { "type": "LineString", "coordinates": [ [ 72.919197, 19.129961 ], [ 72.91921, 19.129769 ] ] } },
{ "type": "Feature", "properties": { "pipe_id": "P319", "node1": "J268", "node2": "J270", "length_m": 49.44, "diameter_mm": 100.0, "diameter_cad_mm": 100.0, "material": "UNK", "diameter_from_cad": 0, "flow_lps": 2.5578001, "velocity_ms": 0.32570001 }, "geometry": { "type": "LineString", "coordinates": [ [ 72.91921, 19.129769 ], [ 72.919243, 19.129324 ] ] } },
{ "type": "Feature", "properties": { "pipe_id": "P320", "node1": "J270", "node2": "J274", "length_m": 14.06, "diameter_mm": 100.0, "diameter_cad_mm": 100.0, "material": "UNK", "diameter_from_cad": 0, "flow_lps": 1.2671, "velocity_ms": 0.1613 }, "geometry": { "type": "LineString", "coordinates": [ [ 72.919243, 19.129324 ], [ 72.919376, 19.129315 ] ] } },
{ "type": "Feature", "properties": { "pipe_id": "P321", "node1": "J270", "node2": "J274", "length_m": 15.03, "diameter_mm": 100.0, "diameter_cad_mm": 100.0, "material": "UNK", "diameter_from_cad": 0, "flow_lps": 1.2223001, "velocity_ms": 0.1556 }, "geometry": { "type": "LineString", "coordinates": [ [ 72.919243, 19.129324 ], [ 72.919375, 19.129324 ], [ 72.919376, 19.129315 ] ] } },
{ "type": "Feature", "properties": { "pipe_id": "P322", "node1": "J274", "node2": "J275", "length_m": 10.58, "diameter_mm": 50.0, "diameter_cad_mm": 50.0, "material": "UNK", "diameter_from_cad": 0, "flow_lps": 0.103, "velocity_ms": 0.052499998 }, "geometry": { "type": "LineString", "coordinates": [ [ 72.919376, 19.129315 ], [ 72.919445, 19.12931 ], [ 72.919446, 19.12931 ], [ 72.919447, 19.12931 ], [ 72.919448, 19.12931 ], [ 72.919449, 19.12931 ], [ 72.91945, 19.129311 ], [ 72.919451, 19.129311 ], [ 72.919452, 19.129311 ], [ 72.919453, 19.129312 ], [ 72.919454, 19.129312 ], [ 72.919455, 19.129313 ], [ 72.919456, 19.129313 ], [ 72.919456, 19.129314 ], [ 72.919457, 19.129315 ], [ 72.919458, 19.129315 ], [ 72.919458, 19.129316 ], [ 72.919459, 19.129317 ], [ 72.91946, 19.129318 ], [ 72.91946, 19.129319 ], [ 72.91946, 19.12932 ], [ 72.919461, 19.129321 ], [ 72.919461, 19.129321 ], [ 72.919461, 19.129322 ], [ 72.919461, 19.129323 ], [ 72.919461, 19.129324 ], [ 72.919461, 19.129325 ], [ 72.919461, 19.129328 ], [ 72.919461, 19.12933 ] ] } }
]
}
